subsystem,level_1,value,ci_low,ci_upp,fit,predicted
Metabolic: No subsystem,PPutida_1,3.120379395749933,2.648155904898597,4.815559220553342,3.7318575627259696,4.144993747712945
Metabolic: No subsystem,PPutida_2,3.1110527799627614,2.648155904898597,4.815559220553342,3.7318575627259696,4.144993747712945
Metabolic: No subsystem,PPutida_4,3.0523511070669858,2.648155904898597,4.815559220553342,3.7318575627259696,4.144993747712945
Metabolic:Aliphatic open-chain ketones metabolism,PPutida_1,0.7664605785040871,1.4558433957667891,3.624674360201947,2.540258877984368,0.0
Metabolic:Aliphatic open-chain ketones metabolism,PPutida_2,0.6872446807998931,1.4558433957667891,3.624674360201947,2.540258877984368,0.0
Metabolic:Aliphatic open-chain ketones metabolism,PPutida_4,0.779506365724677,1.4558433957667891,3.624674360201947,2.540258877984368,0.0
Metabolic:Murein Recycling,PPutida_1,2.2928114480540276,1.4558433957667891,3.624674360201947,2.540258877984368,0.0
Metabolic:Murein Recycling,PPutida_2,2.2491525980205322,1.4558433957667891,3.624674360201947,2.540258877984368,0.0
Metabolic:Murein Recycling,PPutida_4,2.424822398653987,1.4558433957667891,3.624674360201947,2.540258877984368,0.0
Metabolic:S_Alanine_and_Aspartate_Metabolism,PPutida_1,3.1535469983202207,2.514533285459679,4.68049127662358,3.5975122810416296,3.6776716872349415
Metabolic:S_Alanine_and_Aspartate_Metabolism,PPutida_2,3.1619826722171833,2.514533285459679,4.68049127662358,3.5975122810416296,3.6776716872349415
Metabolic:S_Alanine_and_Aspartate_Metabolism,PPutida_4,3.1984642321146315,2.514533285459679,4.68049127662358,3.5975122810416296,3.6776716872349415
Metabolic:S_Alginate_biosynthesis,PPutida_1,3.5799966912771737,1.4558433957667891,3.624674360201947,2.540258877984368,0.0
Metabolic:S_Alginate_biosynthesis,PPutida_2,3.558204413249478,1.4558433957667891,3.624674360201947,2.540258877984368,0.0
Metabolic:S_Alginate_biosynthesis,PPutida_4,3.5299730616338976,1.4558433957667891,3.624674360201947,2.540258877984368,0.0
Metabolic:S_Alternate_Carbon,PPutida_1,3.1392240172530856,1.4558433957667891,3.624674360201947,2.540258877984368,0.0
Metabolic:S_Alternate_Carbon,PPutida_2,3.1298102441321363,1.4558433957667891,3.624674360201947,2.540258877984368,0.0
Metabolic:S_Alternate_Carbon,PPutida_4,3.1535607920771467,1.4558433957667891,3.624674360201947,2.540258877984368,0.0
Metabolic:S_Alternate_Carbon__Ascorbate_and_Aldarate_Metabolism,PPutida_1,2.539748384894333,1.4558433957667891,3.624674360201947,2.540258877984368,0.0
Metabolic:S_Alternate_Carbon__Ascorbate_and_Aldarate_Metabolism,PPutida_2,2.4578402661874175,1.4558433957667891,3.624674360201947,2.540258877984368,0.0
Metabolic:S_Alternate_Carbon__Ascorbate_and_Aldarate_Metabolism,PPutida_4,2.6712496989554477,1.4558433957667891,3.624674360201947,2.540258877984368,0.0
Metabolic:S_Alternate_Carbon__Butanediol_Metabolism,PPutida_1,1.4004269484954948,1.4558433957667891,3.624674360201947,2.540258877984368,0.0
Metabolic:S_Alternate_Carbon__Butanediol_Metabolism,PPutida_2,1.4405723474585046,1.4558433957667891,3.624674360201947,2.540258877984368,0.0
Metabolic:S_Alternate_Carbon__Butanediol_Metabolism,PPutida_4,1.4331533912740384,1.4558433957667891,3.624674360201947,2.540258877984368,0.0
Metabolic:S_Alternate_Carbon__Fructose_Metabolism,PPutida_1,3.15381847729405,1.4558433957667891,3.624674360201947,2.540258877984368,0.0
Metabolic:S_Alternate_Carbon__Fructose_Metabolism,PPutida_2,3.147049600434871,1.4558433957667891,3.624674360201947,2.540258877984368,0.0
Metabolic:S_Alternate_Carbon__Fructose_Metabolism,PPutida_4,3.227348556401211,1.4558433957667891,3.624674360201947,2.540258877984368,0.0
Metabolic:S_Alternate_Carbon__Levulinate_Metabolism,PPutida_1,1.1941300465852955,1.4558433957667891,3.624674360201947,2.540258877984368,0.0
Metabolic:S_Alternate_Carbon__Levulinate_Metabolism,PPutida_2,1.1512044894615845,1.4558433957667891,3.624674360201947,2.540258877984368,0.0
Metabolic:S_Alternate_Carbon__Levulinate_Metabolism,PPutida_4,1.2141903298951702,1.4558433957667891,3.624674360201947,2.540258877984368,0.0
Metabolic:S_Alternate_Carbon__Propanoate_Metabolism,PPutida_1,2.678346398725889,1.4558433957667891,3.624674360201947,2.540258877984368,0.0
Metabolic:S_Alternate_Carbon__Propanoate_Metabolism,PPutida_2,2.6770795289858413,1.4558433957667891,3.624674360201947,2.540258877984368,0.0
Metabolic:S_Alternate_Carbon__Propanoate_Metabolism,PPutida_4,2.730695059092198,1.4558433957667891,3.624674360201947,2.540258877984368,0.0
Metabolic:S_Alternate_Carbon__Ribose_Metabolism,PPutida_1,3.7912903292968094,2.447767212156605,4.613156312589187,3.5304617623728958,3.444435460792581
Metabolic:S_Alternate_Carbon__Ribose_Metabolism,PPutida_2,3.7490121432064236,2.447767212156605,4.613156312589187,3.5304617623728958,3.444435460792581
Metabolic:S_Alternate_Carbon__Ribose_Metabolism,PPutida_4,3.715272273873901,2.447767212156605,4.613156312589187,3.5304617623728958,3.444435460792581
Metabolic:S_Alternate_Carbon_and_Nitrogen_source__Amines_and_Polyamines_Metabolism,PPutida_1,3.5073788377556188,1.4558433957667891,3.624674360201947,2.540258877984368,0.0
Metabolic:S_Alternate_Carbon_and_Nitrogen_source__Amines_and_Polyamines_Metabolism,PPutida_2,3.5256833636989726,1.4558433957667891,3.624674360201947,2.540258877984368,0.0
Metabolic:S_Alternate_Carbon_and_Nitrogen_source__Amines_and_Polyamines_Metabolism,PPutida_4,3.5125589648576887,1.4558433957667891,3.624674360201947,2.540258877984368,0.0
Metabolic:S_Alternate_Carbon_and_Nitrogen_source__D_Amino_acids_Metabolism,PPutida_1,2.553955998758038,1.4558433957667891,3.624674360201947,2.540258877984368,0.0
Metabolic:S_Alternate_Carbon_and_Nitrogen_source__D_Amino_acids_Metabolism,PPutida_2,2.617882038263838,1.4558433957667891,3.624674360201947,2.540258877984368,0.0
Metabolic:S_Alternate_Carbon_and_Nitrogen_source__D_Amino_acids_Metabolism,PPutida_4,2.5263648830876986,1.4558433957667891,3.624674360201947,2.540258877984368,0.0
Metabolic:S_Alternate_Carbon_and_Nitrogen_source__Dipeptide_Metabolism,PPutida_1,3.164057690280553,1.4558433957667891,3.624674360201947,2.540258877984368,0.0
Metabolic:S_Alternate_Carbon_and_Nitrogen_source__Dipeptide_Metabolism,PPutida_2,3.1456532505088166,1.4558433957667891,3.624674360201947,2.540258877984368,0.0
Metabolic:S_Alternate_Carbon_and_Nitrogen_source__Dipeptide_Metabolism,PPutida_4,3.1706163895981168,1.4558433957667891,3.624674360201947,2.540258877984368,0.0
Metabolic:S_Alternate_Carbon_and_Nitrogen_source__Ectoine_Metabolism,PPutida_1,2.267820770934659,1.5234973879503166,3.691394132355757,2.6074457601530368,0.23371056890504055
Metabolic:S_Alternate_Carbon_and_Nitrogen_source__Ectoine_Metabolism,PPutida_2,2.3172827520942123,1.5234973879503166,3.691394132355757,2.6074457601530368,0.23371056890504055
Metabolic:S_Alternate_Carbon_and_Nitrogen_source__Ectoine_Metabolism,PPutida_4,2.326915153331982,1.5234973879503166,3.691394132355757,2.6074457601530368,0.23371056890504055
Metabolic:S_Alternate_Carbon_and_Nitrogen_source__Hydroxy_proline_metabolism,PPutida_1,1.1934019751961629,1.4558433957667891,3.624674360201947,2.540258877984368,0.0
Metabolic:S_Alternate_Carbon_and_Nitrogen_source__Hydroxy_proline_metabolism,PPutida_2,1.1643659355195555,1.4558433957667891,3.624674360201947,2.540258877984368,0.0
Metabolic:S_Alternate_Carbon_and_Nitrogen_source__Hydroxy_proline_metabolism,PPutida_4,1.1995662383864378,1.4558433957667891,3.624674360201947,2.540258877984368,0.0
Metabolic:S_Alternate_Carbon_and_Nitrogen_source__Nucleotide_Metabolism,PPutida_1,3.2865944176188857,1.7282502829371824,3.8939370412320597,2.811093662084621,0.9421028246621233
Metabolic:S_Alternate_Carbon_and_Nitrogen_source__Nucleotide_Metabolism,PPutida_2,3.2871006079415506,1.7282502829371824,3.8939370412320597,2.811093662084621,0.9421028246621233
Metabolic:S_Alternate_Carbon_and_Nitrogen_source__Nucleotide_Metabolism,PPutida_4,3.4112151574190217,1.7282502829371824,3.8939370412320597,2.811093662084621,0.9421028246621233
Metabolic:S_Arginine_and_Proline_Metabolism,PPutida_1,4.09335644634662,2.592937413561814,4.7596938112902665,3.6763156124260403,3.951790247510263
Metabolic:S_Arginine_and_Proline_Metabolism,PPutida_2,4.081246570222492,2.592937413561814,4.7596938112902665,3.6763156124260403,3.951790247510263
Metabolic:S_Arginine_and_Proline_Metabolism,PPutida_4,4.043583572873025,2.592937413561814,4.7596938112902665,3.6763156124260403,3.951790247510263
Metabolic:S_Aromatic_Compounds_Degradation__B_Ketoadipate_pathway,PPutida_1,2.9868384183205614,1.6324459372860516,3.799050876420543,2.7157484068532973,0.6104429362546165
Metabolic:S_Aromatic_Compounds_Degradation__B_Ketoadipate_pathway,PPutida_2,2.981458572814771,1.6324459372860516,3.799050876420543,2.7157484068532973,0.6104429362546165
Metabolic:S_Aromatic_Compounds_Degradation__B_Ketoadipate_pathway,PPutida_4,2.9858945919224764,1.6324459372860516,3.799050876420543,2.7157484068532973,0.6104429362546165
Metabolic:S_Aromatic_Compounds_Degradation__Gallic_acid_Metabolism,PPutida_1,1.6791805494483238,1.4558433957667891,3.624674360201947,2.540258877984368,0.0
Metabolic:S_Aromatic_Compounds_Degradation__Gallic_acid_Metabolism,PPutida_2,1.7385412239688407,1.4558433957667891,3.624674360201947,2.540258877984368,0.0
Metabolic:S_Aromatic_Compounds_Degradation__Gallic_acid_Metabolism,PPutida_4,1.753715071469275,1.4558433957667891,3.624674360201947,2.540258877984368,0.0
Metabolic:S_Aromatic_Compounds_Degradation__Homogentisate_pathway,PPutida_1,3.3074574179622367,2.6123505042457644,4.7793263618036335,3.695838433024699,4.0197006693287545
Metabolic:S_Aromatic_Compounds_Degradation__Homogentisate_pathway,PPutida_2,3.333955571851286,2.6123505042457644,4.7793263618036335,3.695838433024699,4.0197006693287545
Metabolic:S_Aromatic_Compounds_Degradation__Homogentisate_pathway,PPutida_4,3.272493146319753,2.6123505042457644,4.7793263618036335,3.695838433024699,4.0197006693287545
Metabolic:S_Aromatic_Compounds_Degradation__Nicotinic_acid_pathway,PPutida_1,1.727785882881825,1.4558433957667891,3.624674360201947,2.540258877984368,0.0
Metabolic:S_Aromatic_Compounds_Degradation__Nicotinic_acid_pathway,PPutida_2,1.710589291895966,1.4558433957667891,3.624674360201947,2.540258877984368,0.0
Metabolic:S_Aromatic_Compounds_Degradation__Nicotinic_acid_pathway,PPutida_4,1.7696131251225677,1.4558433957667891,3.624674360201947,2.540258877984368,0.0
Metabolic:S_Aromatic_Compounds_Degradation__Phenylacetyl_CoA_Catabolom,PPutida_1,1.80696712892945,1.4811684363685869,3.649637875928808,2.5654031561486974,0.087464745569522
Metabolic:S_Aromatic_Compounds_Degradation__Phenylacetyl_CoA_Catabolom,PPutida_2,1.883598249284553,1.4811684363685869,3.649637875928808,2.5654031561486974,0.087464745569522
Metabolic:S_Aromatic_Compounds_Degradation__Phenylacetyl_CoA_Catabolom,PPutida_4,1.8991307595598612,1.4811684363685869,3.649637875928808,2.5654031561486974,0.087464745569522
Metabolic:S_Aromatic_Compounds_Degradation__Toluene_Pathway,PPutida_1,1.8562231659094204,1.4558433957667891,3.624674360201947,2.540258877984368,0.0
Metabolic:S_Aromatic_Compounds_Degradation__Toluene_Pathway,PPutida_2,1.8492827183674185,1.4558433957667891,3.624674360201947,2.540258877984368,0.0
Metabolic:S_Aromatic_Compounds_Degradation__Toluene_Pathway,PPutida_4,1.836960001821461,1.4558433957667891,3.624674360201947,2.540258877984368,0.0
Metabolic:S_Butanoate_Metabolism,PPutida_1,2.6254129741722667,1.4558433957667891,3.624674360201947,2.540258877984368,0.0
Metabolic:S_Butanoate_Metabolism,PPutida_2,2.6477556879868356,1.4558433957667891,3.624674360201947,2.540258877984368,0.0
Metabolic:S_Butanoate_Metabolism,PPutida_4,2.7416751202333556,1.4558433957667891,3.624674360201947,2.540258877984368,0.0
Metabolic:S_Cell_Envelope_Biosynthesis,PPutida_1,3.8855580928207365,2.7327257936784637,4.901255646992304,3.816990720335384,4.441130702656466
Metabolic:S_Cell_Envelope_Biosynthesis,PPutida_2,3.8653651018312853,2.7327257936784637,4.901255646992304,3.816990720335384,4.441130702656466
Metabolic:S_Cell_Envelope_Biosynthesis,PPutida_4,3.859482438456288,2.7327257936784637,4.901255646992304,3.816990720335384,4.441130702656466
Metabolic:S_Cell_Envelope_Biosynthesis__Biosynthesis_of_L_glycero_D_manno_heptose__Hep_,PPutida_1,2.939568416658159,2.297101752559916,4.461581414765691,3.3793415836628036,2.9187616715147513
Metabolic:S_Cell_Envelope_Biosynthesis__Biosynthesis_of_L_glycero_D_manno_heptose__Hep_,PPutida_2,2.9373246695165034,2.297101752559916,4.461581414765691,3.3793415836628036,2.9187616715147513
Metabolic:S_Cell_Envelope_Biosynthesis__Biosynthesis_of_L_glycero_D_manno_heptose__Hep_,PPutida_4,2.905997567989166,2.297101752559916,4.461581414765691,3.3793415836628036,2.9187616715147513
Metabolic:S_Cell_Envelope_Biosynthesis__Cellulose_Metabolism,PPutida_1,2.2813000617085937,1.4558433957667891,3.624674360201947,2.540258877984368,0.0
Metabolic:S_Cell_Envelope_Biosynthesis__Cellulose_Metabolism,PPutida_2,2.232853324431208,1.4558433957667891,3.624674360201947,2.540258877984368,0.0
Metabolic:S_Cell_Envelope_Biosynthesis__Cellulose_Metabolism,PPutida_4,2.2952847705870756,1.4558433957667891,3.624674360201947,2.540258877984368,0.0
Metabolic:S_Cell_Envelope_Biosynthesis__LPS_Biosynthesis,PPutida_1,3.2820909153510165,2.1647592959486714,4.328866784303452,3.246813040126062,2.4577591617038084
Metabolic:S_Cell_Envelope_Biosynthesis__LPS_Biosynthesis,PPutida_2,3.238020463946676,2.1647592959486714,4.328866784303452,3.246813040126062,2.4577591617038084
Metabolic:S_Cell_Envelope_Biosynthesis__LPS_Biosynthesis,PPutida_4,3.2614007054418805,2.1647592959486714,4.328866784303452,3.246813040126062,2.4577591617038084
Metabolic:S_Cell_Envelope_Biosynthesis__Lipid_A_Biosynthesis,PPutida_1,3.5483350406769354,2.2272515570757134,4.391485164651047,3.30936836086338,2.6753587752839367
Metabolic:S_Cell_Envelope_Biosynthesis__Lipid_A_Biosynthesis,PPutida_2,3.542664380060773,2.2272515570757134,4.391485164651047,3.30936836086338,2.6753587752839367
Metabolic:S_Cell_Envelope_Biosynthesis__Lipid_A_Biosynthesis,PPutida_4,3.588465131864669,2.2272515570757134,4.391485164651047,3.30936836086338,2.6753587752839367
Metabolic:S_Cell_Envelope_Biosynthesis__O_antigen_Biosynthesis,PPutida_1,3.4706842169919128,2.3894408534360236,4.554416408914607,3.4719286311753152,3.240827093349103
Metabolic:S_Cell_Envelope_Biosynthesis__O_antigen_Biosynthesis,PPutida_2,3.4645163690244276,2.3894408534360236,4.554416408914607,3.4719286311753152,3.240827093349103
Metabolic:S_Cell_Envelope_Biosynthesis__O_antigen_Biosynthesis,PPutida_4,3.4647153464480493,2.3894408534360236,4.554416408914607,3.4719286311753152,3.240827093349103
Metabolic:S_Cell_Envelope_Biosynthesis__Peptidoglycan_Biosynthesis,PPutida_1,3.6593235174687364,2.3472646413470857,4.511989566304874,3.42962710382598,3.093680601307005
Metabolic:S_Cell_Envelope_Biosynthesis__Peptidoglycan_Biosynthesis,PPutida_2,3.62717848462203,2.3472646413470857,4.511989566304874,3.42962710382598,3.093680601307005
Metabolic:S_Cell_Envelope_Biosynthesis__Peptidoglycan_Biosynthesis,PPutida_4,3.679568256448547,2.3472646413470857,4.511989566304874,3.42962710382598,3.093680601307005
Metabolic:S_Cofactor_and_Prosthetic_Group_Biosynthesis,PPutida_1,2.898033213616135,1.5234973879503166,3.691394132355757,2.6074457601530368,0.23371056890504055
Metabolic:S_Cofactor_and_Prosthetic_Group_Biosynthesis,PPutida_2,2.8752982267544396,1.5234973879503166,3.691394132355757,2.6074457601530368,0.23371056890504055
Metabolic:S_Cofactor_and_Prosthetic_Group_Biosynthesis,PPutida_4,2.8745971445290937,1.5234973879503166,3.691394132355757,2.6074457601530368,0.23371056890504055
Metabolic:S_Cofactor_and_Prosthetic_Group_Biosynthesis__Biotin_Biosynthesis,PPutida_1,3.7873121781064167,2.675143807183919,4.842888770096589,3.759016288640254,4.23946577974189
Metabolic:S_Cofactor_and_Prosthetic_Group_Biosynthesis__Biotin_Biosynthesis,PPutida_2,3.7679537103563128,2.675143807183919,4.842888770096589,3.759016288640254,4.23946577974189
Metabolic:S_Cofactor_and_Prosthetic_Group_Biosynthesis__Biotin_Biosynthesis,PPutida_4,3.812019859343689,2.675143807183919,4.842888770096589,3.759016288640254,4.23946577974189
Metabolic:S_Cofactor_and_Prosthetic_Group_Biosynthesis__FeS_clusters_metabolism,PPutida_1,2.37007578897622,1.7143090062241295,3.88011666794912,2.797212837086625,0.8938181684548475
Metabolic:S_Cofactor_and_Prosthetic_Group_Biosynthesis__FeS_clusters_metabolism,PPutida_2,2.282115284021039,1.7143090062241295,3.88011666794912,2.797212837086625,0.8938181684548475
Metabolic:S_Cofactor_and_Prosthetic_Group_Biosynthesis__FeS_clusters_metabolism,PPutida_4,2.3705709727511763,1.7143090062241295,3.88011666794912,2.797212837086625,0.8938181684548475
Metabolic:S_Cofactor_and_Prosthetic_Group_Biosynthesis__Folate_Biosynthesis,PPutida_1,3.144312181628681,2.0658364829023546,4.229925407256053,3.1478809450792036,2.113622397650318
Metabolic:S_Cofactor_and_Prosthetic_Group_Biosynthesis__Folate_Biosynthesis,PPutida_2,3.1312272947395687,2.0658364829023546,4.229925407256053,3.1478809450792036,2.113622397650318
Metabolic:S_Cofactor_and_Prosthetic_Group_Biosynthesis__Folate_Biosynthesis,PPutida_4,3.175815690622333,2.0658364829023546,4.229925407256053,3.1478809450792036,2.113622397650318
Metabolic:S_Cofactor_and_Prosthetic_Group_Biosynthesis__Molybdopterin_Biosynthesis,PPutida_1,2.9517498520066914,1.8765195123885676,4.04118923160857,2.9588543719985685,1.456090651766643
Metabolic:S_Cofactor_and_Prosthetic_Group_Biosynthesis__Molybdopterin_Biosynthesis,PPutida_2,2.9314663962968317,1.8765195123885676,4.04118923160857,2.9588543719985685,1.456090651766643
Metabolic:S_Cofactor_and_Prosthetic_Group_Biosynthesis__Molybdopterin_Biosynthesis,PPutida_4,2.90179605966555,1.8765195123885676,4.04118923160857,2.9588543719985685,1.456090651766643
Metabolic:S_Cofactor_and_Prosthetic_Group_Biosynthesis__Nicotinamide_Biosynthesis,PPutida_1,3.2887585780175566,1.9859192032106086,4.150154769790929,3.068036986500769,1.8358840002031687
Metabolic:S_Cofactor_and_Prosthetic_Group_Biosynthesis__Nicotinamide_Biosynthesis,PPutida_2,3.3369959710510795,1.9859192032106086,4.150154769790929,3.068036986500769,1.8358840002031687
Metabolic:S_Cofactor_and_Prosthetic_Group_Biosynthesis__Nicotinamide_Biosynthesis,PPutida_4,3.242308923021219,1.9859192032106086,4.150154769790929,3.068036986500769,1.8358840002031687
Metabolic:S_Cofactor_and_Prosthetic_Group_Biosynthesis__One_Carbon_pool_by_folate,PPutida_1,3.019476777896989,2.564854124912043,4.7313083467156405,3.6480812358138417,3.8535765485302966
Metabolic:S_Cofactor_and_Prosthetic_Group_Biosynthesis__One_Carbon_pool_by_folate,PPutida_2,3.012948187800011,2.564854124912043,4.7313083467156405,3.6480812358138417,3.8535765485302966
Metabolic:S_Cofactor_and_Prosthetic_Group_Biosynthesis__One_Carbon_pool_by_folate,PPutida_4,3.0816695250145925,2.564854124912043,4.7313083467156405,3.6480812358138417,3.8535765485302966
Metabolic:S_Cofactor_and_Prosthetic_Group_Biosynthesis__Pantothenate_and_CoA_Biosynthesis,PPutida_1,3.4069954906870583,2.5768298731545904,4.743410741998755,3.6601203075766726,3.895454638716358
Metabolic:S_Cofactor_and_Prosthetic_Group_Biosynthesis__Pantothenate_and_CoA_Biosynthesis,PPutida_2,3.403169069734649,2.5768298731545904,4.743410741998755,3.6601203075766726,3.895454638716358
Metabolic:S_Cofactor_and_Prosthetic_Group_Biosynthesis__Pantothenate_and_CoA_Biosynthesis,PPutida_4,3.336210804958325,2.5768298731545904,4.743410741998755,3.6601203075766726,3.895454638716358
Metabolic:S_Cofactor_and_Prosthetic_Group_Biosynthesis__Porphyrin_and_Chlorophyll_Metabolism,PPutida_1,3.7576747305090983,2.142813812026625,4.306898042431996,3.2248559272293105,2.3813810179207793
Metabolic:S_Cofactor_and_Prosthetic_Group_Biosynthesis__Porphyrin_and_Chlorophyll_Metabolism,PPutida_2,3.74061748736532,2.142813812026625,4.306898042431996,3.2248559272293105,2.3813810179207793
Metabolic:S_Cofactor_and_Prosthetic_Group_Biosynthesis__Porphyrin_and_Chlorophyll_Metabolism,PPutida_4,3.7753075161270315,2.142813812026625,4.306898042431996,3.2248559272293105,2.3813810179207793
Metabolic:S_Cofactor_and_Prosthetic_Group_Biosynthesis__Queuosine_biosynthesis,PPutida_1,3.14603029161538,1.5728964821399238,3.7401749251075236,2.6565357036237236,0.40447066739046567
Metabolic:S_Cofactor_and_Prosthetic_Group_Biosynthesis__Queuosine_biosynthesis,PPutida_2,3.1593313156922807,1.5728964821399238,3.7401749251075236,2.6565357036237236,0.40447066739046567
Metabolic:S_Cofactor_and_Prosthetic_Group_Biosynthesis__Queuosine_biosynthesis,PPutida_4,3.146761522369292,1.5728964821399238,3.7401749251075236,2.6565357036237236,0.40447066739046567
Metabolic:S_Cofactor_and_Prosthetic_Group_Biosynthesis__Riboflavin_Metabolism,PPutida_1,3.151449301373574,2.0885314380970206,4.2526050328092735,3.170568235453147,2.1925404746478057
Metabolic:S_Cofactor_and_Prosthetic_Group_Biosynthesis__Riboflavin_Metabolism,PPutida_2,3.146367000910036,2.0885314380970206,4.2526050328092735,3.170568235453147,2.1925404746478057
Metabolic:S_Cofactor_and_Prosthetic_Group_Biosynthesis__Riboflavin_Metabolism,PPutida_4,3.1845556818932663,2.0885314380970206,4.2526050328092735,3.170568235453147,2.1925404746478057
Metabolic:S_Cofactor_and_Prosthetic_Group_Biosynthesis__Terpenoid_backbone_biosynthesis,PPutida_1,3.358841502388926,2.141711982082153,4.305795332717802,3.2237536573999774,2.3775467559252084
Metabolic:S_Cofactor_and_Prosthetic_Group_Biosynthesis__Terpenoid_backbone_biosynthesis,PPutida_2,3.3148041391028613,2.141711982082153,4.305795332717802,3.2237536573999774,2.3775467559252084
Metabolic:S_Cofactor_and_Prosthetic_Group_Biosynthesis__Terpenoid_backbone_biosynthesis,PPutida_4,3.399407791208939,2.141711982082153,4.305795332717802,3.2237536573999774,2.3775467559252084
Metabolic:S_Cofactor_and_Prosthetic_Group_Biosynthesis__Thiamine_Metabolism,PPutida_1,3.2373046582630605,1.8714274371112436,4.036123918080079,2.9537756775956616,1.4384243377498913
Metabolic:S_Cofactor_and_Prosthetic_Group_Biosynthesis__Thiamine_Metabolism,PPutida_2,3.21864097616637,1.8714274371112436,4.036123918080079,2.9537756775956616,1.4384243377498913
Metabolic:S_Cofactor_and_Prosthetic_Group_Biosynthesis__Thiamine_Metabolism,PPutida_4,3.2275856662005125,1.8714274371112436,4.036123918080079,2.9537756775956616,1.4384243377498913
Metabolic:S_Cofactor_and_Prosthetic_Group_Biosynthesis__Ubiquinone_biosynthesis,PPutida_1,3.4270836132888216,1.7392415023290098,3.9048359976333855,2.8220387499811976,0.9801754756984217
Metabolic:S_Cofactor_and_Prosthetic_Group_Biosynthesis__Ubiquinone_biosynthesis,PPutida_2,3.4103489488168504,1.7392415023290098,3.9048359976333855,2.8220387499811976,0.9801754756984217
Metabolic:S_Cofactor_and_Prosthetic_Group_Biosynthesis__Ubiquinone_biosynthesis,PPutida_4,3.428121277895395,1.7392415023290098,3.9048359976333855,2.8220387499811976,0.9801754756984217
Metabolic:S_Cofactor_and_Prosthetic_Group_Biosynthesis__Vitamin_B6_Metabolism,PPutida_1,2.840187146109548,1.7124569855183709,3.878281034697053,2.795369010107712,0.8874043888851617
Metabolic:S_Cofactor_and_Prosthetic_Group_Biosynthesis__Vitamin_B6_Metabolism,PPutida_2,2.772327486839043,1.7124569855183709,3.878281034697053,2.795369010107712,0.8874043888851617
Metabolic:S_Cofactor_and_Prosthetic_Group_Biosynthesis__Vitamin_B6_Metabolism,PPutida_4,2.883186838866567,1.7124569855183709,3.878281034697053,2.795369010107712,0.8874043888851617
Metabolic:S_Cofactor_and_Prosthetic_Group_Biosynthesis___Pyrroloquinoline_quinone_biosynthesis,PPutida_1,2.5354270111116906,1.6514247873450822,3.8178316145560265,2.7346282009505543,0.6761165808241445
Metabolic:S_Cofactor_and_Prosthetic_Group_Biosynthesis___Pyrroloquinoline_quinone_biosynthesis,PPutida_2,2.507377490305752,1.6514247873450822,3.8178316145560265,2.7346282009505543,0.6761165808241445
Metabolic:S_Cofactor_and_Prosthetic_Group_Biosynthesis___Pyrroloquinoline_quinone_biosynthesis,PPutida_4,2.5216438614564347,1.6514247873450822,3.8178316145560265,2.7346282009505543,0.6761165808241445
Metabolic:S_Cysteine_Metabolism,PPutida_1,3.162237368773285,1.4558433957667891,3.624674360201947,2.540258877984368,0.0
Metabolic:S_Cysteine_Metabolism,PPutida_2,2.995920564207681,1.4558433957667891,3.624674360201947,2.540258877984368,0.0
Metabolic:S_Cysteine_Metabolism,PPutida_4,2.9750320454233803,1.4558433957667891,3.624674360201947,2.540258877984368,0.0
Metabolic:S_Fatty_Acid_Metabolism,PPutida_1,3.7381294962969296,1.4558433957667891,3.624674360201947,2.540258877984368,0.0
Metabolic:S_Fatty_Acid_Metabolism,PPutida_2,3.7356285018824336,1.4558433957667891,3.624674360201947,2.540258877984368,0.0
Metabolic:S_Fatty_Acid_Metabolism,PPutida_4,3.7581761915444902,1.4558433957667891,3.624674360201947,2.540258877984368,0.0
Metabolic:S_Fatty_Acid__Biosynthesis,PPutida_1,3.8194424975469694,2.829034443183298,4.999047482893895,3.9140409630385964,4.778721415343493
Metabolic:S_Fatty_Acid__Biosynthesis,PPutida_2,3.790883342913818,2.829034443183298,4.999047482893895,3.9140409630385964,4.778721415343493
Metabolic:S_Fatty_Acid__Biosynthesis,PPutida_4,3.832470533488294,2.829034443183298,4.999047482893895,3.9140409630385964,4.778721415343493
Metabolic:S_Formaldehyde_Metabolism,PPutida_1,2.91069261574406,2.1786182200201667,4.342746025132306,3.2606821225762364,2.5060029712838396
Metabolic:S_Formaldehyde_Metabolism,PPutida_2,2.9044404402109865,2.1786182200201667,4.342746025132306,3.2606821225762364,2.5060029712838396
Metabolic:S_Formaldehyde_Metabolism,PPutida_4,2.984725364948292,2.1786182200201667,4.342746025132306,3.2606821225762364,2.5060029712838396
Metabolic:S_Gluconeogenesis,PPutida_1,3.9243670600997813,3.0001787845512657,5.1733545156945455,4.086766650122906,5.379550286843243
Metabolic:S_Gluconeogenesis,PPutida_2,3.9528110468626814,3.0001787845512657,5.1733545156945455,4.086766650122906,5.379550286843243
Metabolic:S_Gluconeogenesis,PPutida_4,3.912973346026709,3.0001787845512657,5.1733545156945455,4.086766650122906,5.379550286843243
Metabolic:S_Glutamate_Metabolism,PPutida_1,3.929030342652622,2.8769979839279167,5.047829315882339,3.9624136499051277,4.9469865260634895
Metabolic:S_Glutamate_Metabolism,PPutida_2,3.966233617188009,2.8769979839279167,5.047829315882339,3.9624136499051277,4.9469865260634895
Metabolic:S_Glutamate_Metabolism,PPutida_4,3.9457577504208703,2.8769979839279167,5.047829315882339,3.9624136499051277,4.9469865260634895
Metabolic:S_Glycerophospholipid_Metabolism,PPutida_1,3.6593633939247283,2.4735797107355837,4.639176654345084,3.5563781825403336,3.5345861138041066
Metabolic:S_Glycerophospholipid_Metabolism,PPutida_2,3.617641161485192,2.4735797107355837,4.639176654345084,3.5563781825403336,3.5345861138041066
Metabolic:S_Glycerophospholipid_Metabolism,PPutida_4,3.632705631021621,2.4735797107355837,4.639176654345084,3.5563781825403336,3.5345861138041066
Metabolic:S_Glycine__Serine_and_threonine_metabolism,PPutida_1,3.9314585674222404,2.779737565682178,4.948964755497247,3.8643511605897127,4.60587469848061
Metabolic:S_Glycine__Serine_and_threonine_metabolism,PPutida_2,3.9119078536550695,2.779737565682178,4.948964755497247,3.8643511605897127,4.60587469848061
Metabolic:S_Glycine__Serine_and_threonine_metabolism,PPutida_4,3.934648099614445,2.779737565682178,4.948964755497247,3.8643511605897127,4.60587469848061
Metabolic:S_Glycolysis,PPutida_1,4.271817430363984,3.0655992665760747,5.240162309568537,4.152880788072306,5.609529299026461
Metabolic:S_Glycolysis,PPutida_2,4.25452919652303,3.0655992665760747,5.240162309568537,4.152880788072306,5.609529299026461
Metabolic:S_Glycolysis,PPutida_4,4.272117019943486,3.0655992665760747,5.240162309568537,4.152880788072306,5.609529299026461
Metabolic:S_Glyoxylate_and_dicarboxylate_metabolism,PPutida_1,2.78582838816136,2.2324737747849257,4.396721938895746,3.314597856840336,2.693549654818914
Metabolic:S_Glyoxylate_and_dicarboxylate_metabolism,PPutida_2,2.7462293999719343,2.2324737747849257,4.396721938895746,3.314597856840336,2.693549654818914
Metabolic:S_Glyoxylate_and_dicarboxylate_metabolism,PPutida_4,2.813690231762787,2.2324737747849257,4.396721938895746,3.314597856840336,2.693549654818914
Metabolic:S_Heavy_Metal_Tolerance,PPutida_1,2.92626777229575,1.4751170254283517,3.6436715666822543,2.559394296055303,0.06656283636390531
Metabolic:S_Heavy_Metal_Tolerance,PPutida_2,2.9322782998815162,1.4751170254283517,3.6436715666822543,2.559394296055303,0.06656283636390531
Metabolic:S_Heavy_Metal_Tolerance,PPutida_4,2.99942585557182,1.4751170254283517,3.6436715666822543,2.559394296055303,0.06656283636390531
Metabolic:S_Histidine_Metabolism,PPutida_1,3.393853993310476,2.5371513098884773,4.703325165854945,3.6202382378717113,3.7567242660751985
Metabolic:S_Histidine_Metabolism,PPutida_2,3.355945773861991,2.5371513098884773,4.703325165854945,3.6202382378717113,3.7567242660751985
Metabolic:S_Histidine_Metabolism,PPutida_4,3.428042186638949,2.5371513098884773,4.703325165854945,3.6202382378717113,3.7567242660751985
Metabolic:S_Inorganic_polyphosphates_metabolism,PPutida_1,3.163870541436387,2.9161571138451166,5.087695818463509,4.001926466154313,5.084432445066763
Metabolic:S_Inorganic_polyphosphates_metabolism,PPutida_2,3.185664968994803,2.9161571138451166,5.087695818463509,4.001926466154313,5.084432445066763
Metabolic:S_Inorganic_polyphosphates_metabolism,PPutida_4,3.1423385208242838,2.9161571138451166,5.087695818463509,4.001926466154313,5.084432445066763
Metabolic:S_Iron_uptake_and_metabolism,PPutida_1,3.768273813777478,1.976241996707869,4.14050510380425,3.0583735502560594,1.8022695935001019
Metabolic:S_Iron_uptake_and_metabolism,PPutida_2,3.791145365841308,1.976241996707869,4.14050510380425,3.0583735502560594,1.8022695935001019
Metabolic:S_Iron_uptake_and_metabolism,PPutida_4,3.7753272685469716,1.976241996707869,4.14050510380425,3.0583735502560594,1.8022695935001019
Metabolic:S_Lysine_Metabolism,PPutida_1,3.8524259393507503,2.7765347353734873,4.945712803070551,3.861123769222019,4.594648169606575
Metabolic:S_Lysine_Metabolism,PPutida_2,3.8685762296027377,2.7765347353734873,4.945712803070551,3.861123769222019,4.594648169606575
Metabolic:S_Lysine_Metabolism,PPutida_4,3.8855287173976514,2.7765347353734873,4.945712803070551,3.861123769222019,4.594648169606575
Metabolic:S_Methionine_Metabolism,PPutida_1,3.6313147325541655,2.458115747288665,4.623586344113146,3.5408510457009057,3.480574737370549
Metabolic:S_Methionine_Metabolism,PPutida_2,3.6109705860593646,2.458115747288665,4.623586344113146,3.5408510457009057,3.480574737370549
Metabolic:S_Methionine_Metabolism,PPutida_4,3.6532091515253797,2.458115747288665,4.623586344113146,3.5408510457009057,3.480574737370549
Metabolic:S_Nitrogen_Metabolism,PPutida_1,1.7139426557075357,1.4558433957667891,3.624674360201947,2.540258877984368,0.0
Metabolic:S_Nitrogen_Metabolism,PPutida_2,1.78562146905585,1.4558433957667891,3.624674360201947,2.540258877984368,0.0
Metabolic:S_Nitrogen_Metabolism,PPutida_4,1.8985362427224566,1.4558433957667891,3.624674360201947,2.540258877984368,0.0
Metabolic:S_Nucleotide_Salvage_Pathway,PPutida_1,2.9835666596902435,1.4558433957667891,3.624674360201947,2.540258877984368,0.0
Metabolic:S_Nucleotide_Salvage_Pathway,PPutida_2,2.9615059540327624,1.4558433957667891,3.624674360201947,2.540258877984368,0.0
Metabolic:S_Nucleotide_Salvage_Pathway,PPutida_4,3.0823908636236457,1.4558433957667891,3.624674360201947,2.540258877984368,0.0
Metabolic:S_Oxidative_Phosphorylation,PPutida_1,4.407340692943629,3.3165009811003814,5.4972999980948725,4.406900489597627,6.493140608858251
Metabolic:S_Oxidative_Phosphorylation,PPutida_2,4.408759999869219,3.3165009811003814,5.4972999980948725,4.406900489597627,6.493140608858251
Metabolic:S_Oxidative_Phosphorylation,PPutida_4,4.456264218998947,3.3165009811003814,5.4972999980948725,4.406900489597627,6.493140608858251
Metabolic:S_PHAs_Metabolism,PPutida_1,2.9672816422140373,1.4558433957667891,3.624674360201947,2.540258877984368,0.0
Metabolic:S_PHAs_Metabolism,PPutida_2,3.0153198579806144,1.4558433957667891,3.624674360201947,2.540258877984368,0.0
Metabolic:S_PHAs_Metabolism,PPutida_4,3.053331103193001,1.4558433957667891,3.624674360201947,2.540258877984368,0.0
Metabolic:S_Pentose_Phosphate_Pathway,PPutida_1,3.346991784685656,3.0607818665578224,5.235239385026225,4.148010625792024,5.592588367099792
Metabolic:S_Pentose_Phosphate_Pathway,PPutida_2,3.3158978946357176,3.0607818665578224,5.235239385026225,4.148010625792024,5.592588367099792
Metabolic:S_Pentose_Phosphate_Pathway,PPutida_4,3.3391218761379555,3.0607818665578224,5.235239385026225,4.148010625792024,5.592588367099792
Metabolic:S_Phenylalanine_Tyrosine_Tryptophan_Biosynthesis,PPutida_1,3.7621154444630673,2.70345644918328,4.87157781398731,3.787517131585295,4.338606385823847
Metabolic:S_Phenylalanine_Tyrosine_Tryptophan_Biosynthesis,PPutida_2,3.740087872706893,2.70345644918328,4.87157781398731,3.787517131585295,4.338606385823847
Metabolic:S_Phenylalanine_Tyrosine_Tryptophan_Biosynthesis,PPutida_4,3.791160614656945,2.70345644918328,4.87157781398731,3.787517131585295,4.338606385823847
Metabolic:S_Phosphonate_and_phosphinate_metabolism,PPutida_1,2.3180855981837905,1.4558433957667891,3.624674360201947,2.540258877984368,0.0
Metabolic:S_Phosphonate_and_phosphinate_metabolism,PPutida_2,2.2336522814618514,1.4558433957667891,3.624674360201947,2.540258877984368,0.0
Metabolic:S_Phosphonate_and_phosphinate_metabolism,PPutida_4,2.1856627920628813,1.4558433957667891,3.624674360201947,2.540258877984368,0.0
Metabolic:S_Plant_growth_promoting,PPutida_1,2.053136515507155,1.4558433957667891,3.624674360201947,2.540258877984368,0.0
Metabolic:S_Plant_growth_promoting,PPutida_2,2.068804245488028,1.4558433957667891,3.624674360201947,2.540258877984368,0.0
Metabolic:S_Plant_growth_promoting,PPutida_4,2.136100637455594,1.4558433957667891,3.624674360201947,2.540258877984368,0.0
Metabolic:S_Purine_Metabolism,PPutida_1,4.170091924004254,2.7523507372534066,4.921165510967115,3.836758124110261,4.509891910691158
Metabolic:S_Purine_Metabolism,PPutida_2,4.131548990341393,2.7523507372534066,4.921165510967115,3.836758124110261,4.509891910691158
Metabolic:S_Purine_Metabolism,PPutida_4,4.184053477283835,2.7523507372534066,4.921165510967115,3.836758124110261,4.509891910691158
Metabolic:S_Pyrimidine_Metabolism,PPutida_1,4.223867892435078,2.790634792898008,4.960030882204681,3.875332837551344,4.6440746251238965
Metabolic:S_Pyrimidine_Metabolism,PPutida_2,4.202698703920361,2.790634792898008,4.960030882204681,3.875332837551344,4.6440746251238965
Metabolic:S_Pyrimidine_Metabolism,PPutida_4,4.2367443254836274,2.790634792898008,4.960030882204681,3.875332837551344,4.6440746251238965
Metabolic:S_Pyruvate_Metabolism,PPutida_1,2.8615908215708687,1.6947929621933444,3.8607771515552223,2.7777850568742832,0.8262383460337098
Metabolic:S_Pyruvate_Metabolism,PPutida_2,2.802399640228113,1.6947929621933444,3.8607771515552223,2.7777850568742832,0.8262383460337098
Metabolic:S_Pyruvate_Metabolism,PPutida_4,2.912123693946628,1.6947929621933444,3.8607771515552223,2.7777850568742832,0.8262383460337098
Metabolic:S_Starch_and_Sucrose_Metabolism,PPutida_1,3.4042867287559275,2.0475187825050707,4.211628574846904,3.129573678675987,2.0499402991798057
Metabolic:S_Starch_and_Sucrose_Metabolism,PPutida_2,3.45611461479415,2.0475187825050707,4.211628574846904,3.129573678675987,2.0499402991798057
Metabolic:S_Starch_and_Sucrose_Metabolism,PPutida_4,3.4126380283584177,2.0475187825050707,4.211628574846904,3.129573678675987,2.0499402991798057
Metabolic:S_Sulfur_Metabolism,PPutida_1,3.4557813853706456,2.5704587175028966,4.736971800126867,3.6537152588148816,3.873174581335144
Metabolic:S_Sulfur_Metabolism,PPutida_2,3.438267033677972,2.5704587175028966,4.736971800126867,3.6537152588148816,3.873174581335144
Metabolic:S_Sulfur_Metabolism,PPutida_4,3.477787212486635,2.5704587175028966,4.736971800126867,3.6537152588148816,3.873174581335144
Metabolic:S_TCA_Cycle,PPutida_1,4.546858625630678,3.018114186229649,5.191660437345774,4.104887311787712,5.442583277955793
Metabolic:S_TCA_Cycle,PPutida_2,4.545154771946286,3.018114186229649,5.191660437345774,4.104887311787712,5.442583277955793
Metabolic:S_TCA_Cycle,PPutida_4,4.52537279971284,3.018114186229649,5.191660437345774,4.104887311787712,5.442583277955793
Metabolic:S_Transport__ABC_system,PPutida_1,4.124453505219164,1.946290302053639,4.110652022851505,3.028471162452572,1.6982536927826377
Metabolic:S_Transport__ABC_system,PPutida_2,4.10254366906804,1.946290302053639,4.110652022851505,3.028471162452572,1.6982536927826377
Metabolic:S_Transport__ABC_system,PPutida_4,4.137388012339633,1.946290302053639,4.110652022851505,3.028471162452572,1.6982536927826377
Metabolic:S_Transport__Inner_Membrane,PPutida_1,4.001710396989724,2.869069242461122,5.039761649397689,3.9544154459294054,4.919164654575361
Metabolic:S_Transport__Inner_Membrane,PPutida_2,4.005192695517611,2.869069242461122,5.039761649397689,3.9544154459294054,4.919164654575361
Metabolic:S_Transport__Inner_Membrane,PPutida_4,4.0451824029357235,2.869069242461122,5.039761649397689,3.9544154459294054,4.919164654575361
Metabolic:S_Transport__Outer_Membrane,PPutida_1,3.56917296060137,2.7984679542143613,4.967987140166638,3.8832275471905,4.671536490022989
Metabolic:S_Transport__Outer_Membrane,PPutida_2,3.538326488281542,2.7984679542143613,4.967987140166638,3.8832275471905,4.671536490022989
Metabolic:S_Transport__Outer_Membrane,PPutida_4,3.5415086583023614,2.7984679542143613,4.967987140166638,3.8832275471905,4.671536490022989
Metabolic:S_Transport__solvent_extrusion,PPutida_1,3.262968268140247,1.4558433957667891,3.624674360201947,2.540258877984368,0.0
Metabolic:S_Transport__solvent_extrusion,PPutida_2,3.197482820958445,1.4558433957667891,3.624674360201947,2.540258877984368,0.0
Metabolic:S_Transport__solvent_extrusion,PPutida_4,3.3165422424037048,1.4558433957667891,3.624674360201947,2.540258877984368,0.0
Metabolic:S_Urea_cycleamino_group_metabolism,PPutida_1,3.165652975387611,2.655164778656915,4.822655213539126,3.7389099960980205,4.169525742089603
Metabolic:S_Urea_cycleamino_group_metabolism,PPutida_2,3.161032950580215,2.655164778656915,4.822655213539126,3.7389099960980205,4.169525742089603
Metabolic:S_Urea_cycleamino_group_metabolism,PPutida_4,3.2222544226443293,2.655164778656915,4.822655213539126,3.7389099960980205,4.169525742089603
Metabolic:S_Valine__Leucine__and_Isoleucine_Metabolism,PPutida_1,3.7391469105187194,2.7972673845923937,4.966767612197236,3.882017498394815,4.667327317289947
Metabolic:S_Valine__Leucine__and_Isoleucine_Metabolism,PPutida_2,3.757319323196302,2.7972673845923937,4.966767612197236,3.882017498394815,4.667327317289947
Metabolic:S_Valine__Leucine__and_Isoleucine_Metabolism,PPutida_4,3.76881184356334,2.7972673845923937,4.966767612197236,3.882017498394815,4.667327317289947
Metabolic:S_Xenobiotic_tolerance,PPutida_1,2.848408195359034,1.4558433957667891,3.624674360201947,2.540258877984368,0.0
Metabolic:S_Xenobiotic_tolerance,PPutida_2,2.8480759094797876,1.4558433957667891,3.624674360201947,2.540258877984368,0.0
Metabolic:S_Xenobiotic_tolerance,PPutida_4,2.890096076023926,1.4558433957667891,3.624674360201947,2.540258877984368,0.0
Metabolic:Unassigned,PPutida_1,3.8826542050315074,2.667821245632429,4.835471856493973,3.751646551063201,4.213830037968817
Metabolic:Unassigned,PPutida_2,3.9175563144463155,2.667821245632429,4.835471856493973,3.751646551063201,4.213830037968817
Metabolic:Unassigned,PPutida_4,3.9009005671995514,2.667821245632429,4.835471856493973,3.751646551063201,4.213830037968817
Post-translation,PPutida_1,4.082133521280673,3.1001353208673743,5.2754705453050965,4.187802933086235,5.731006499860108
Post-translation,PPutida_2,4.054669218512672,3.1001353208673743,5.2754705453050965,4.187802933086235,5.731006499860108
Post-translation,PPutida_4,4.091557861262255,3.1001353208673743,5.2754705453050965,4.187802933086235,5.731006499860108
Transcription,PPutida_1,4.420094847682893,2.623291410520811,4.790394762413562,3.7068430864671864,4.05798052000243
Transcription,PPutida_2,4.391673092024235,2.623291410520811,4.790394762413562,3.7068430864671864,4.05798052000243
Transcription,PPutida_4,4.424239406571622,2.623291410520811,4.790394762413562,3.7068430864671864,4.05798052000243
Translation,PPutida_1,5.217042017360976,3.2968914652647494,5.4771507906270465,4.387021127945898,6.423989953683763
Translation,PPutida_2,5.20831012871095,3.2968914652647494,5.4771507906270465,4.387021127945898,6.423989953683763
Translation,PPutida_4,5.187848259677981,3.2968914652647494,5.4771507906270465,4.387021127945898,6.423989953683763
tRNA Charging,PPutida_1,4.400384421745402,2.724592534705126,4.8930069027596215,3.8087997187323737,4.412638181754308
tRNA Charging,PPutida_2,4.374812683150351,2.724592534705126,4.8930069027596215,3.8087997187323737,4.412638181754308
tRNA Charging,PPutida_4,4.394076778821291,2.724592534705126,4.8930069027596215,3.8087997187323737,4.412638181754308
