,fluxes,reduced_costs
3HAD160,0.034967156302579114,0.0
13DAMPPabcpp,0.0,0.0
13DAMPPtex,0.0,-0.0
15DAPabcpp,0.0,0.0
1P2CBXLCYCL,0.0,0.0
1P2CBXLR,0.0,-2.7755575615628914e-17
1PPDCRc,0.0,0.0
1PQQS,0.00021845900867022866,0.0
1PY4h3cAH,0.0,0.0
23CTI1,0.0,-0.009046419892699165
23CTI2,0.0,0.0
23CTI3,0.0,0.0
24DECOAR,0.0,0.0
25DKGLCNt2rpp,0.0,0.0
25DKGLCNtex,0.0,0.0
26DAHtex,0.0,0.0
2AACLPGT160,0.0,-0.040708889517146574
2AACLPGT161,0.0,0.0
2AACLPGT180,0.0,0.0
2AACLPGT181,0.0,0.0
2AACLPPEAT160,0.0,0.0
2AACLPPEAT161,0.0,0.0
2AACLPPEAT180,0.0,0.0
2AACLPPEAT181,0.0,0.0
2AGPE160tipp,0.0,0.0
2AGPE161tipp,0.0,0.0
2AGPE180tipp,0.0,0.0
2AGPE181tipp,0.0,0.0
2AGPG160tipp,0.0,0.0
2AGPG161tipp,0.0,0.0
2AGPG180tipp,0.0,0.0
2AGPG181tipp,0.0,0.0
2DHGLCK,0.0,0.0
2DHGLCNkt_tpp,0.0,-0.0067848149195245955
2DHGLCNtex,0.0,0.0
2PQQS,0.00021845900867022866,0.0
34DHCINMtex,0.0,0.0
34DHCINMtpp,0.0,0.0
34DHPHEtex,0.0,-0.0
34DHPHEtpp,0.0,0.0
34HPPOR,0.0,0.0
3AIBT2,0.0,-0.0
3HAACOAT100,0.0,-0.0
3HAACOAT120,0.0,-0.0
3HAACOAT121,0.0,-0.0
3HAACOAT140,-0.03579984759123245,-0.0
3HAACOAT141,0.03579984759123245,-1.1102230246251565e-16
3HAACOAT60,0.0,-0.0
3HAACOAT80,0.0,-0.0
3HAD100,0.26088707891914176,0.0
3HAD120,0.017037843402657557,0.0
3HAD121,0.22681139211382673,0.0
3HAD140,0.03579984759123245,0.0
3HAD141,0.19101154452259428,0.0
ACOAD31f,0.0,0.0
ACOAD32f,0.0,0.0
ACOAD33f,0.0,0.0
ACOAD34f,0.0,0.0
ACOAD3f,0.0,0.0
ACOAD4f,0.0,-0.0
ACOAD5f,0.0,-0.0
ACOAD6f,0.0,0.0
ACOAD7f,0.0,-2.220446049250313e-16
ACOAD8f,0.0,0.0
ACOADH1,0.0,-0.024877654704923424
ACOADH2,0.0,0.0
ACOATA,0.27814338133046945,0.0
ACODA,0.38006675433525827,0.0
ACONCt4pp,0.0,0.0
ACONCtex,0.0,0.0
ACONIs,0.0,0.0
ACONMT,0.0,0.0
ACONTa,5.777914435383927,0.0
ACONTb,5.777914435383927,0.0
ACOTA,-0.38006675433525827,-0.0
ACPPAT120,0.0,0.0
ACPPAT140,0.0,0.0
ACPPAT141,0.0,0.0
ACPPAT160,0.0,0.0
ACPPAT161,0.06580122490300713,0.0
ACPPAT180,0.0,0.0
ACPPAT181,0.0,0.0
ACPS1,0.0,0.0
ACS,0.5760793447738235,-2.7755575615628914e-17
ACS2,0.0,0.0
ACSERtex,0.0,-0.0
ACSERtpp,0.0,0.0
ACSPHAC100,0.0,0.0
ACSPHAC101,0.0,0.0
ACSPHAC120,0.0,-0.009046419892699165
ACSPHAC121,0.0,0.0
ACSPHAC121d6,0.0,0.0
ACSPHAC140,0.0,0.0
ACSPHAC141,0.0,0.0
ACSPHAC141d5,0.0,0.0
ACSPHAC142,0.0,0.0
ACSPHAC160,0.0,0.0
ACSPHAC40,0.0,-0.00904641989269922
ACSPHAC50,0.0,-0.009046419892699165
ACSPHAC60,0.0,0.0
ACSPHAC70,0.0,0.0
ACSPHAC80,0.0,0.0
ACSPHAC90,0.0,0.0
ACSPHACP100,0.0,0.0
ACSPHACP40,0.0,0.0
ACSPHACP50,0.0,0.0
ACSPHACP60,0.0,0.0
ACSPHACP70,0.0,0.0
ACSPHACP80,0.0,-0.009046419892699165
ACSPHACP90,0.0,0.0
ACSPHACT40,0.0,-0.009046419892699165
ACSPHACT60,0.0,0.0
DGUDBUTNabcpp,0.0,0.0
ALGE9,0.0,-0.0
ALGL,0.0,0.0
ALGL2,0.0,0.0
ALGSex1,0.0,0.0
ALGSex10,0.0,-0.06558654422206955
ALGSex11,0.0,0.0
ALGSex12,0.0,0.0
ALGSex13,0.0,0.0
ALGSex2,0.0,0.0
ALGSex3,0.0,0.0
ALGSex4,0.0,0.0
ALGSex5,0.0,0.0
ALGSex6,0.0,0.0
ALGSex7,0.0,0.0
ALGSex8,0.0,0.0
ALGSex9,0.0,0.0
ALLTAMH,0.0,0.0
ALLTN,0.0,0.0
ALLTNRA,0.0,-0.0
ALLTNt2rpp,0.0,0.0
ALLTNtex,0.0,0.0
ALPATE160pp,0.0,0.0
ALPATE161pp,0.0,0.0
ALPATE180pp,0.0,0.0
ALPATE181pp,0.0,0.0
ALPATG160pp,0.0,0.0
ALPATG161pp,0.0,0.0
ALPATG180pp,0.0,0.0
ALPATG181pp,0.0,0.0
ALTRH,0.0,0.0
AM3PA,0.0,0.0
AM4PA,0.0,0.0
AM4PCP,0.0,2.0816681711721685e-17
AMAOTr,0.00021845900867022866,0.0
AMID4,0.0,0.0
AMPMS2,0.00021845900867022866,-5.551115123125783e-17
AMPN,0.0,-0.009046419892699137
AMPTASEAH,0.0,0.0
AMPTASEAL,0.0,1.3877787807814457e-17
AMPTASEAT,0.0,0.0
AMPTASEATRP,0.0,0.0
AMPTASECG,0.0,0.0
GLYGLYCNc,0.0,0.0
AMPTASEGGLN,0.0,0.0
AMPTASEGGLU,0.0,0.0
AMPTASEGM,0.0,0.0
GLYPHEHYc,0.0,0.0
AMPTASEGS,0.0,0.0
AMPTASEHG,0.0,0.0
AMPTASEHH,0.0,0.0
LEULEULAPc,0.0,0.0
AMPTASEPG,0.0,0.0
ANHMK,0.0,-0.7395448262281612
ANPRT,0.0760119793755174,1.3877787807814457e-17
ANS,0.0,-0.009046419892699165
ANS2,0.0760119793755174,0.0
AOBUTDs,0.00021845900867022866,0.0
AOXHEXCYCL,0.0,0.0
AOXSr2,0.00021845900867022866,0.0
AP4AH,0.0,-0.009046419892699165
AP4AS,0.0,0.0
APATr,0.0,0.0
APCt5,0.0,-0.002261604973174791
APCt6,0.0,-0.002261604973174791
APCtex,0.0,-0.0
APCtpp,0.0,0.0
APENTAMAH2,0.0,0.0
APG3PAT120,0.0,-2.7755575615628914e-17
APG3PAT140,0.0,0.0
APG3PAT141,0.0,0.0
APG3PAT160,0.0,0.0
APG3PAT161,0.06580122490300713,0.0
APG3PAT180,0.0,0.0
APG3PAT181,0.0,0.0
APPLDHr,0.00021845900867022866,2.7755575615628914e-17
APRAUR,0.000655377026010686,-2.7755575615628914e-17
APSR,0.0,-2.220446049250313e-16
APSR2,0.17875628802723748,-1.1102230246251565e-16
APTNAT,0.0,-0.0
ARBTNR1,0.0,1.1102230246251565e-16
ARBTNR2,0.0,-0.006784814919524429
ARBTNabcpp,0.0,-0.003392407459762159
ARBTNexs,0.0,0.0
ARBTNtex,0.0,0.0
ARBTNtonex,0.0,0.0
ARBTNtpp,0.0,0.0
ARBt3ipp,0.0,0.0
ARGDr,0.0,-0.009046419892699165
ARGDC,0.0,-0.01809283978539833
ARGDCpp,0.0,-0.027139259678097494
ARGORNt7pp,0.0,-0.0
ARGSL,0.347037319643216,-6.938893903907228e-18
ARGSS,0.347037319643216,3.469446951953614e-17
ARGTRS,0.0,0.0
ARGabcpp,0.0,-0.006784814919524373
ARGt2pp,0.0,0.0
ARGtex,0.0,0.0
AROH,0.0,0.0
ARUH,0.0,-0.0
ASAD,-0.32282657551641764,-2.7755575615628914e-17
ASNN,0.0,-0.018092839785398343
ASNNpp,0.0,0.0
ASNS1,0.15569465787878076,0.0
ASNtex,0.0,0.0
ASO3t2pp,0.0,0.0
ASO3tex,0.0,-0.0
ASO4rt2rpp,0.0,0.0
ASO4tex,0.0,-0.0
ASP3H,0.00021845900867022866,-6.938893903907228e-18
ASPCT,0.32488381281779655,6.938893903907228e-18
ASPK,0.32282657551641764,0.0
ASPO1,0.0,-0.015831234812223482
ASPO3,0.0,0.0
ASPO5,0.0022296533799711638,1.3877787807814457e-17
ASPO6,0.0,-0.009046419892699137
ASPSALy,0.0,-0.009046419892699234
ASPT,0.0,5.551115123125783e-17
BZDH,0.0,0.0
BZDIOLDH,0.0,0.0
BZt1pp,0.0,0.0
BZt2_pp,0.0,-0.002261604973174791
BZtex,0.0,0.0
BIOMASS_KT2440_Core2,0.0,-1.9986868804901068
BIOMASS_KT2440_WT3,0.9796368101803975,-8.781766546589465e-16
CA2tex,0.004139945159822359,0.0
CACOAHA,0.0,0.0
CAFFCOA,0.0,0.0
CARBSARAH,0.0,0.0
CARNabcpp,0.0,0.0
CARNtex,0.0,0.0
CAT,0.0007646065303458137,0.0
CAT23DOX,0.0,0.0
CATDOX,0.0,0.0
CATECHOLtex,0.0,-0.0
CATECHOLtpp,0.0,0.0
CATpp,0.0,0.0
CAt6pp,-0.004139945159822359,-0.0
CBIAT,0.0,-8.326672684688674e-17
CBItonex,0.0,0.0
CBIuabcpp,0.0,0.0
CBL1abcpp,0.0,0.0
CBL1tonex,0.0,0.0
CBLAT,0.0,0.0
CBMKr,0.6804400541623413,0.0
CBPAH,0.0,0.0
CBPS,0.0,-0.018092839785398274
CCGS,0.0,-0.12212666855143918
CCPpp,0.0,-0.004523209946349582
CD2abcpp,0.0,-0.009046419892699165
CD2t3pp,0.0,-0.002261604973174791
CD2t4pp,0.0,0.0
CD2t5,0.0,-0.002261604973174791
CD2t6,0.0,-0.002261604973174791
CD2tex,0.0,-0.0
CD2tpp,0.0,0.0
CDGR,0.0,0.0
CDGS,0.0,0.0
CDPMEK,0.002995729365531658,0.0
CELASEpp,0.0,0.0
CELLS,0.0,0.0
CELLex,0.0,-0.8548866798600763
CFAS160E,0.00040165109217396295,-1.1102230246251565e-16
CFAS160G,0.00022139791910076982,0.0
CFAS180E,0.0,0.0
CFAS180G,0.0,0.0
CGLYabcpp,0.0,0.0
CGLYtex,0.0,0.0
CHLabcpp,0.0,-0.006784814919524373
CHLtex,0.0,0.0
CHOLD,0.0,0.0
CHOLSH,0.0,0.0
CHOLS_ex,0.0,0.0
CHOLSabc,0.0,0.0
CPPPGO2,0.0,-0.398042475278765
CREAT,0.0,0.0
CREATtex,0.0,0.0
CREATtpp,0.0,0.0
CRNDH,0.0,0.0
CRNabcpp,0.0,0.0
CRNtex,0.0,-0.0
CRO2t3pp,0.0,-0.002261604973174791
CRO2tex,0.0,-0.0
CRO2tpp,0.0,0.0
CRO4Rx,0.0,-0.027139259678097438
CRO4Ry,0.0,-0.02713925967809766
CRO4abcpp,0.0,-0.011308024865873956
CRO4t3pp,0.0,0.0
CRO4tex,0.0,-0.0
CRTNIH,0.0,0.0
CRTNtex,0.0,0.0
CRTNtpp,0.0,0.0
CS,5.777914435383927,-2.706168622523819e-16
CSND,0.0,0.0
CSNt2pp,0.0,0.0
CSNtex,0.0,0.0
CSPMDDC,0.0,0.0
CSPMDDH,0.0,0.0
CTI1,0.0,0.0
CTPS2,0.0,-0.009046419892699165
CU2abcpp,0.0,-0.009046419892699165
CU2t4pp,0.15528125114488464,0.0
CU2tex,0.002759636894278189,0.0
CU2tonex,0.0,-0.002261604973174791
CU2tpp,0.15804088803916283,0.0
CUt3,0.0,-0.002261604973174791
CUtex,0.0,-0.0
CUt2pp,0.0,-0.0
CYANST,0.0,-0.05880172930254446
CYANt2pp,0.0,0.0
CYANtex,0.0,-0.0
CYO1_KT,0.0,1.1102230246251565e-16
CYO4pp,0.0,0.0
CYRDAAT,0.00021845900867022866,-2.220446049250313e-16
CYRDAR,0.00010922950433511433,0.0
CYSDS,0.0,-0.018092839785398343
CYSDabcpp,0.0,0.0
CYSDtex,0.0,0.0
CYSS,0.05879584207340707,2.7755575615628914e-17
SLCYSS,0.0,0.0
CYSSADS,0.0,0.0
CYSTGL,0.0,0.0
CYSTL,0.0,-0.0022616049731750687
CYSTRS,0.0,0.0
CYSTS,0.0,-0.00678481491952404
CYSabcpp,0.0,0.0
CYStex,0.0,0.0
CYStpp,0.0,-0.009046419892699165
CYTBDpp,0.0,-0.004523209946349471
CYTBO3_4pp,37.79531510350398,0.0
CYTCAA3pp,0.0,0.0
CYTCBB3pp,0.0,-0.002261604973174791
CYTDH,0.0,-0.009046419892699137
CYTK1,0.14252148169228496,0.0
CYTK2,0.0,-0.0
DAAD,0.0,-0.006784814919524582
DH3MCHCDH,0.0,0.0
DH4MCHCDH,0.0,0.0
DHACOAH,0.0,0.0
DHAD1_copy1,0.0,0.0
DHAD2,0.23957116156642638,0.0
DHDPRy,0.20264767055391703,-5.551115123125783e-17
DHDPS,0.20264767055391703,0.0
DHFR,0.011506813972379008,0.0
DHFS,0.0008738360346809727,0.0
DHMPTR,0.0,-1.1102230246251565e-16
DHMPTRx,0.00021845900867022866,0.0
DHNPA_1,0.0008738360346809727,0.0
DHNPTE,0.00021845900867022866,0.0
DHORD2,0.0,-2.498001805406602e-16
DHORDfum,0.32488381281779655,-1.3877787807814457e-17
DHORTS,-0.32488381281779655,-0.0
DHPM1,0.0005632911658537209,0.0
DHPM2,0.0,0.0
DHPPDA2,0.000655377026010686,0.0
DHPS,0.0008738360346809727,0.0
DHQTi_copy1,0.0,0.0
DHQS,0.3976238052473115,0.0
DHSKDH,0.0,-0.05767092681595737
DKGLCNR3,0.0,0.0
DLASNR,0.0,-0.0
DLCYSR,0.0,-0.0
DLEUabcpp,0.0,0.0
DLEUtex,0.0,0.0
DLMETR,0.0,-0.0
DLYSAD,0.0,-0.00678481491952454
DLYSOXGAT,-0.639097421499108,-0.0
DLYSPYRAT,0.639097421499108,0.0
DLYSabcpp,0.0,0.0
DLYStex,0.0,0.0
DMATT,0.0004907980419003796,2.7755575615628914e-17
METDtex,0.0,0.0
DMGDH2,0.0,0.0
DMGLYBabcpp,0.0,0.0
DMGLYtex,0.0,0.0
DMPPS,0.0,0.0
DMQMT,0.0002184590086702296,0.0
DMSO2abcpp,0.0,0.0
DMSO2tex,0.0,0.0
DM_5drib_c,0.000655377026010686,0.0
DM_amob_c,0.00021845900867022866,0.0
DM_C100aPHA_c,0.0,-0.4658906244740097
DM_C100pPHA_c,0.0,-0.6151565527035465
DM_C101PAH_c,0.0,-0.4591058095544853
DM_C120aPHA_c,0.0,-0.5812324781059246
DM_C121aPHA_c,0.0,-0.5563548234010021
DM_C121d6PHA_c,0.0,-0.5405235885887782
DM_C140aPHA_c,0.0,-0.6716966770329165
DM_C141aPHA_c,0.0,-0.6626502571402175
DM_C141d5PHA_c,0.0,-0.6536038372475186
DM_C142PHA_c,0.0,-0.6309877875157706
DM_C40aPHA_c,0.0,-0.14700432325636248
DM_C40atPHA_c,0.0,0.0
DM_C40pPHA_c,0.0,-0.3437639559225704
DM_C50aPHA_c,0.0,-0.18771321277350855
DM_C50pPHA_c,0.0,-0.07915617406111813
DM_C60aPHA_c,0.0,-0.2532997569955781
DM_C60atPHA_c,0.0,-0.08141777903429287
DM_C60pPHA_c,0.0,-0.4342281548495625
ECOAH20,0.0,0.0
ECOAH21,0.0,0.0
ECOAH22,0.0,-0.0
ECOAH23,0.0,-0.0
ECOAH24,0.0,-0.0
ECOAH25,0.0,-0.0
ECOAH26,0.0,-0.0
ECOAH27,0.0,0.0
ECOAH28,0.0,-0.0
ECOAH29,0.0,-0.0
ECOAH3,0.0,-0.0
ECOAH30,0.0,-0.0
ECOAH31,0.0,-0.0
ECOAH32,0.0,-0.0
ECOAH33,0.0,-0.0
ECOAH34,0.0,-0.0
ECOAH35,0.0,-0.0
ECOAH36,0.0,-0.0
ECOAH37,0.0,0.0
ECOAH38,0.0,-0.0
ECOAH4,0.0,-0.0
ECOAH5,0.0,-0.0
ECOAH6,0.0,-0.0
ECOAH7,0.0,-0.0
ECOAH8,0.0,0.0
ECOAH9ir,0.0,0.0
ECTOH,0.0,0.0
ECTOabcpp,0.0,0.0
ECTOtex,0.0,0.0
EDA,8.647734327965644,0.0
EDD,8.647734327965644,0.0
EDTXS1_kt,0.008518921701328737,0.0
EDTXS2_kt,0.008518921701328737,0.0
EDTXS5_kt,0.0,0.0
EDTXS6_kt,0.0,0.0
EGMEACPR,0.00021845900867022866,0.0
ENO,6.611150219637439,0.0
EPMEACPR,0.00021845900867022866,0.0
ETHAAL,0.0,-0.05880172930254457
ETHAt2pp,0.0,0.0
ETHAtex,0.0,0.0
ETHSO3abcpp,0.0,0.0
ETHSO3tex,0.0,0.0
ETOHtex,0.0,0.0
ETOHtrpp,0.0,0.0
EX_12dgr160_e,0.0,-1.6645412602566547
EX_12dgr180_e,0.0,-1.8771321277350863
EX_13dampp_e,0.0,-0.1289114834709636
EX_15dap_e,0.0,-0.20128284261255697
EX_1ag160_e,0.0,-0.893333964404047
EX_1ag180_e,0.0,-0.9996293981432628
EX_1ag181d9_e,0.0,-0.9905829782505637
EX_1ag182d9d12_e,0.0,-0.9340428539211938
EX_25dkglcn_e,0.0,-0.1560507431490616
EX_26dap__M_e,0.0,-0.24877654704922791
EX_AEP_e,0.0,-0.09046419892699215
EX_2ddglcn_e,0.0,0.0
EX_2dhglcn_e,0.0,-0.17866679288080978
EX_2m35mdntha_e,0.0,0.0
EX_34dhbz_e,0.0,-0.1809283978539844
EX_34dhcinm_e,0.0,-0.2555613619687531
EX_34dhphe_e,0.0,0.0
EX_35dnta_e,0.0,0.0
EX_3h4atb_e,0.0,-0.0022616049731747356
EX_3mb_e,0.0,-0.2035444475857328
EX_btd_RR_e,0.0,-0.17866679288080956
EX_btn_e,0.0,-1.336608539146307
EX_butso3_e,0.0,0.0
EX_bz_e,0.0,-0.18092839785398446
EX_ca2_e,-0.004139945159822359,-0.0
EX_carn_e,0.0,-0.34828716586891945
EX_catechol_e,0.0,-0.1809283978539844
EX_cbi_e,0.0,-2.231073306036936
EX_cbl1_e,0.0,-3.016981034215181
EX_cd2_e,0.0,0.0
EX_cell4_e,0.0,0.0
EX_cgly_e,0.0,-0.22389889234430504
EX_chol_e,0.0,-0.19902123763938195
EX_chols_e,0.0,-0.19223642271985758
EX_chor_e,0.0,-0.3562027832750315
EX_cinnm_e,0.0,0.0
EX_cit_e,0.0,-0.16057395309541073
EX_cl_e,-0.004139945159822359,-0.0
EX_cm_e,0.0,0.0
EX_cmcbtt_e,0.0,0.0
EX_co2_e,20.54929778388546,0.0
EX_co_e,0.0,0.0
EX_cobalt2_e,-0.002978095902948409,-0.0
EX_confrl_e,0.0,-0.30079346143224894
EX_creat_e,0.0,-0.09498740887334173
EX_crn_e,0.0,-0.2352069172101794
EX_cro2_e,0.0,0.0
EX_cro4_e,0.0,0.0
EX_crtn_e,0.0,-0.08594098898064256
EX_csn_e,0.0,-0.11986506357826437
EX_cu2_e,-0.002759636894278189,-0.0
EX_cu_e,0.0,0.0
EX_cyan_e,0.0,0.0
EX_cys__D_e,0.0,-0.1628355580685854
EX_cys__L_e,0.0,-0.1628355580685854
EX_dag181d9_e,0.0,-1.8590392879496882
EX_dag182d9d12_e,0.0,-1.7459590392909483
EX_dca_e,0.0,-0.4749370443667087
EX_ddca_e,0.0,-0.5812324781059244
EX_dgudbutn_e,0.0,-0.20580605255890655
EX_dmanur_e,0.0,0.0
EX_dmgly_e,0.0,-0.1311730884441383
EX_dmso2_e,0.0,-0.029400864651272285
EX_dopa_e,0.0,0.0
EX_ecto__L_e,0.0,-0.19902123763938273
EX_enter_e,0.0,0.0
EX_etha_e,0.0,-0.13795790336366281
EX_ethso3_e,0.0,-0.08141777903429281
EX_etoh_e,0.0,-0.09724901384651652
EX_fald_e,0.0,-0.03166246962444705
EX_fcmcbtt_e,0.0,0.0
EX_fe2_e,-0.014387925831119499,-0.0
EX_fe3_e,0.0,0.0
EX_fe3dcit_e,0.0,-0.32340951116399624
EX_fe3mcbtt_e,0.0,0.0
EX_fe3pyovd_e,0.0,0.0
EX_fe3pyovd_kt_e,0.0,-1.0041526080896106
EX_fecrm_e,0.0,0.0
EX_fecrm_un_e,0.0,0.0
EX_feenter_e,0.0,0.0
EX_feoxam_e,0.0,0.0
EX_feoxam_un_e,0.0,0.0
EX_fer_e,0.0,-0.2713925967809767
EX_for_e,0.0,-0.015831234812223538
EX_fru_e,0.0,-0.2125908674784314
EX_fum_e,0.0,-0.10629543373921573
EX_ga_e,0.0,-0.1718819779612852
EX_galct__D_e,0.0,-0.15831234812223594
EX_galur_e,0.0,-0.17188197796128468
EX_glc__D_e,-10.0,-0.19675963266620766
EX_glcn_e,0.0,-0.18771321277350872
EX_glcr_e,0.0,-0.15831234812223594
EX_glcur_e,0.0,-0.17188197796128468
EX_gln__L_e,0.0,-0.15831234812223588
EX_glu__L_e,0.0,-0.15831234812223588
EX_glutar_e,0.0,-0.14926592822953694
EX_gly_e,0.0,-0.05880172930254485
EX_glyald_e,0.0,-0.1062954337392158
EX_glyb_e,0.0,-0.16962037298810972
EX_glyc__R_e,0.0,-0.09046419892699226
EX_glyc_e,0.0,-0.12212666855143928
EX_glyclt_e,0.0,-0.040708889517146254
EX_glycol_e,0.0,-0.05201691438302031
EX_glygln_e,0.0,-0.2216372873711303
EX_glyglu_e,0.0,-0.21259086747843114
EX_glygly_e,0.0,-0.11308024865874011
EX_glymet_e,0.0,-0.32793272111034555
EX_glyphe_e,0.0,-0.4240509324702755
EX_glyser_e,0.0,-0.1447427182831874
EX_gua_e,0.0,-0.17640518790763446
EX_gudac_e,0.0,-0.056540124329370056
EX_gudptn_e,0.0,-0.17640518790763438
EX_h2o2_e,0.0,0.0
EX_h2o_e,46.228809910731954,0.0
EX_h2s_e,0.0,0.0
EX_h_e,9.590508202149499,0.0
EX_hco3_e,0.0,0.0
EX_hcys__L_e,0.0,-0.21937568239795519
EX_hdca_e,0.0,-0.7712072958526077
EX_hdcea_e,0.0,-0.7621608759599086
EX_hg2_e,0.0,0.0
EX_hgentis_e,0.0,-0.3381099434896332
EX_his__L_e,0.0,-0.22163728737113064
EX_hisgly_e,0.0,-0.2759158067273259
EX_hishis_e,0.0,-0.4387513647959117
EX_hom__L_e,0.0,-0.14700432325636198
EX_hpta_e,0.0,-0.2781774117005005
EX_hxa_e,0.0,-0.2623461768882771
EX_hxan_e,0.0,-0.17188197796128488
EX_icit_e,0.0,-0.16057395309541073
EX_ile__L_e,0.0,-0.25329975699557794
EX_ind3ac_e,0.0,0.0
EX_indole_e,0.0,-0.34941796835550715
EX_ins_e,0.0,0.0
EX_isetac_e,0.0,-0.05654012432936978
EX_k_e,-0.15528125114488464,-0.0
EX_lac__D_e,0.0,-0.0972490138465165
EX_lac__L_e,0.0,-0.09046419892699181
EX_leu__D_e,0.0,-0.2306837072638301
EX_leu__L_e,0.0,-0.24425333710287908
EX_leuleu_e,0.0,-0.4839834642594086
EX_lnlc_e,0.0,-0.8119161853697545
EX_lpspput_e,0.0,-6.372072011920009
EX_lys__D_e,0.0,-0.24651494207605312
EX_lys__L_e,0.0,-0.24651494207605312
EX_m_xyl_e,0.0,-0.23746852218335485
EX_mal__D_e,0.0,0.0
EX_mal__L_e,0.0,-0.10629543373921573
EX_man_e,0.0,-0.19562883017962077
EX_manur_e,0.0,0.0
EX_mcbtt_e,0.0,0.0
EX_meoh_e,0.0,-0.04749370443667056
EX_met__L_e,0.0,-0.2668693868346259
EX_mg2_e,-0.00690056169091072,-0.0
EX_mmet_e,0.0,-0.3188863012176462
EX_mn2_e,-0.00275963689427818,-0.0
EX_mobd_e,-0.0031965549116186372,-0.0
EX_mso3_e,0.0,-0.03166246962444694
EX_na1_e,-0.0034502808454553602,-0.0
EX_nac_e,0.0,-0.20580605255890702
EX_nh4_e,-10.427416827270617,-0.0
EX_ni2_e,-0.00275963689427818,-0.0
EX_no2_e,0.0,0.0
EX_no3_e,0.0,0.0
EX_no_e,0.0,0.0
EX_nona_e,0.0,-0.36864161062749257
EX_o2_e,-18.92178772075116,-0.0
EX_o_xyl_e,0.0,0.0
EX_oaa_e,0.0,-0.09046419892699219
EX_ocdca_e,0.0,-0.8775027295918235
EX_ocdcea_e,0.0,-0.8684563096991245
EX_octa_e,0.0,-0.368641610627493
EX_orn__D_e,0.0,-0.18319000282715847
EX_orn_e,0.0,-0.20580605255890655
EX_orot_e,0.0,-0.10855703871239045
EX_oxa_e,0.0,-0.04749370443667063
EX_5g2oxpt_e,0.0,-0.2058060525589066
EX_p_xyl_e,0.0,-0.22616049731748017
EX_pac_e,0.0,-0.26234617688827727
EX_pacald_e,0.0,-0.26913099180780164
EX_pb2_e,0.0,0.0
EX_pea_e,0.0,-0.2736542017541512
EX_peamn_e,0.0,-0.2736542017541512
EX_pentso3_e,0.0,0.0
EX_phe__D_e,0.0,-0.3697724131140802
EX_phe__L_e,0.0,-0.3697724131140802
EX_phedca_e,0.0,-0.6242029725962455
EX_phehpa_e,0.0,-0.178666792880809
EX_phehxa_e,0.0,-0.4432745747422613
EX_pheme_e,0.0,-1.4756972449965555
EX_phenona_e,0.0,-0.2691309918078011
EX_pheocta_e,0.0,-0.5337387736692534
EX_phept_e,0.0,-0.08820259395381691
EX_phpyr_e,0.0,-0.35394117830185673
EX_pi_e,-0.9011306754861489,-0.0
EX_pnto__R_e,0.0,-0.368641610627492
EX_ppa_e,0.0,-0.09724901384651646
EX_ppi_e,0.0,-0.002261604973174791
EX_prealg_MG_14_e,0.0,0.0
EX_prealg_MG_23_e,0.0,0.0
EX_prealg_MG_32_e,0.0,0.0
EX_prealg_MG_41_e,0.0,0.0
EX_prealginate_G_e,0.0,0.0
EX_pro__D_e,0.0,-0.18319000282715853
EX_pro__L_e,0.0,-0.19675963266620744
EX_progly_e,0.0,-0.2510381520224027
EX_pta_e,0.0,-0.1877132127735084
EX_ptrc_e,0.0,-0.20354444758573176
EX_ptsla_e,0.0,-0.8526250748869006
EX_pydam_e,0.0,-0.3064474738651863
EX_pyovd_e,0.0,0.0
EX_pyovd_kt_e,0.0,-1.0041526080896106
EX_pyr_e,0.0,-0.08141777903429302
EX_quin_e,0.0,-0.25443055948216536
EX_rib__D_e,0.0,-0.1718819779612852
EX_sbo3_e,0.0,0.0
EX_sel_e,0.0,-0.0
EX_ser__D_e,0.0,-0.08367938400746772
EX_ser__L_e,0.0,-0.09046419892699215
EX_sheme_e,0.0,-1.6023471234943436
EX_skm_e,0.0,-0.25443055948216536
EX_so2_e,0.0,0.0
EX_so3_e,0.0,-0.018092839785398163
EX_so4_e,-0.18220656887269285,-0.0
EX_spmd_e,0.0,-0.3437639559225694
EX_succ_e,0.0,-0.11534185363191489
EX_sulfac_e,0.0,-0.042970494490320935
EX_tag160_e,0.0,-2.4357485561092624
EX_tag180_e,0.0,-2.7546348573269097
EX_tag181d9_e,0.0,-2.7274955976488124
EX_tag182d9d12_e,0.0,-2.5578752246607026
EX_taur_e,0.0,-0.07463296411476822
EX_tcynt_e,0.0,0.0
EX_thr__L_e,0.0,-0.14021950833683788
EX_thym_e,0.0,-0.14926592822953721
EX_tmanur_e,0.0,0.0
EX_tnt_e,0.0,0.0
EX_tol_e,0.0,-0.196759632666208
EX_trp__L_e,0.0,-0.4398821672824993
EX_tsul_e,0.0,-0.07237135914159304
EX_ttdca_e,0.0,-0.6807430969256154
EX_ttdcea_e,0.0,-0.6716966770329165
EX_ttrcyc_e,0.0,0.0
EX_tungs_e,0.0,-0.0
EX_tyr__D_e,0.0,-0.3471563633823322
EX_tyr__L_e,0.0,-0.3539411783018567
EX_ura_e,0.0,-0.11760345860508958
EX_urea_e,0.0,-0.004523209946349582
EX_uri_e,0.0,-0.29853185645907393
EX_vacc_e,0.0,-0.8684563096991241
EX_val__D_e,0.0,-0.18092839785398418
EX_val__L_e,0.0,-0.19449802769303307
EX_vanln_e,0.0,-0.21032926250525671
EX_vanlt_e,0.0,-0.19675963266620797
EX_xan_e,0.0,-0.1560507431490614
EX_zn2_e,-0.00275963689427818,-0.0
FA100ACPHi,0.0,-0.006784814919524429
FA120ACPHi,0.0,-0.006784814919524651
FA140ACPHi,0.0,-0.006784814919524873
FA141ACPHi,0.0,-0.015831234812224038
FA160ACPHi,0.0,-0.022616049731748245
FA161ACPHi,0.0,-0.022616049731748245
FA80ACPHi,0.0,-0.00678481491952454
FACOAE100,0.0,0.0
FACOAE120,0.0,0.0
FACOAE140,0.0,0.0
FACOAE141,0.0,-0.009046419892699165
FACOAE160,0.0,0.0
FACOAE161,0.0,0.0
FACOAE180,0.0,0.0
FACOAE181,0.0,0.0
HMR_0260,0.0,0.0
FACOAE1829Z12Z,0.0,0.0
FACOAE50,0.0,0.0
FACOAE60,0.0,0.0
FACOAE70,0.0,0.0
FACOAE80,0.0,0.0
FACOAE90,0.0,0.0
HMR_0180_copy1,0.0,-0.009046419892699165
FACOAL100t2pp,0.0,0.0
HMR_0188,0.0,-0.009046419892699165
FACOAL120t2pp,0.0,0.0
FACOAL140,0.0,-0.009046419892699165
FACOAL140t2pp,0.0,0.0
FACOAL141,0.0,0.0
FACOAL141t2pp,0.0,0.0
FACOAL160,0.0,-0.009046419892699165
FACOAL160t2pp,0.0,0.0
FACOAL161,0.0,-0.009046419892699165
FACOAL161t2pp,0.0,0.0
FACOAL180,0.0,-0.009046419892699165
FACOAL180t2pp,0.0,-1.1102230246251565e-16
FACOAL1812,0.0,-0.009046419892699165
FACOAL181d11tpp,0.0,-0.015831234812223427
FACOAL181d6t2pp,0.0,0.0
FACOAL181,0.0,-0.009046419892699165
FACOAL181t2pp,0.0,0.0
FACOAL1821,0.0,-0.009046419892699165
FACOAL182t2pp,0.0,0.0
FACOAL50i,0.0,-0.009046419892699165
FACOAL50t2pp,0.0,0.0
FACOAL60i,0.0,-0.009046419892699165
FACOAL60t2pp,0.0,0.0
FACOAL_70_c,0.0,-0.009046419892699165
FACOAL70t2pp,0.0,0.0
FACOAL80,0.0,-0.009046419892699165
FACOAL80t2pp,0.0,0.0
FACOAL90i,0.0,-0.009046419892699165
FACOAL90t2pp,0.0,0.0
FACOALP100t2pp,0.0,0.0
FACOALP50t2pp,0.0,0.0
FACOALP60t2pp,0.0,0.0
FACOALP70t2pp,0.0,0.0
FACOALP80t2pp,0.0,0.0
FACOALP90t2pp,0.0,0.0
FACOALT60t2pp,0.0,0.0
FALDH2,0.0004369180173404573,-2.7755575615628914e-17
FALDM,-0.00021845900867022866,-0.0
FALDep,0.0,-0.002261604973174791
FALDtex,0.0,-0.0
FALDtpp,0.0,0.0
FALDtpp2,0.0,-0.002261604973174791
PPAtex,0.0,0.0
FALGTHLs,0.0004369180173404573,0.0
FBA,0.0,0.0
FBACS,0.00021845900867022866,0.0
FBACabcpp,0.00021845900867022866,0.0
FBP,0.0,-0.01696203729881063
FCLT,0.0004369180173404573,-1.1102230246251565e-16
FCOAHA,0.0,-4.163336342344337e-17
FDH,0.003713803147393945,0.0
FDMO,0.0,0.0
FDMO2,0.0,0.0
FDMO3,0.0,5.551115123125783e-17
FDMO4,0.0,0.0
FDMO5,0.0,0.0
FDMO6,0.0,0.0
FDMO7,0.0,0.0
FDMOtau,0.0,0.0
FE2t3pp,0.0,-0.021485247245160488
FE2tex,0.014387925831119499,0.0
FE3DCIT2abcpp,0.0,0.0
FE3DCITCH,0.008177028454575777,0.0
FE3DCITR,0.0,-1.1102230246251565e-16
FE3DCITR2,0.0,-3.469446951953614e-17
FE3DCITR3,0.0,-1.1102230246251565e-16
FE3DCITR4,0.008177028454575777,0.0
FE3DCITabcpp,0.0,0.0
FE3DCITtonex,0.0,0.0
FE3PYOVD2tonex,0.0,-0.013569629839048636
FE3PYOVDDR,0.0,-0.0
FE3PYOVDDR2,0.0,-0.0
FE3PYOVDL,0.0,0.0
FE3PYOVDL2,0.0,0.0
FE3PYOVDtonex,0.0,-0.002261604973174791
FE3abcpp,0.014387925831119499,0.0
FECRMR1,0.0,1.1102230246251565e-16
FECRMR2,0.0,-0.006784814919524429
FECRMUtex,0.0,0.0
FECRMUtpp,0.0,0.0
FECRMabcpp,0.0,-0.003392407459762159
FECRMexs,0.0,0.0
FECRMtonex,0.0,0.0
FEENTERR1,0.0,1.1102230246251565e-16
FEENTERR2,0.0,-0.006784814919524429
FEENTERabcpp,0.0,-0.003392407459762159
FEENTERexs,0.0,0.0
FEENTERtex,0.0,0.0
FEENTERtonex,0.0,0.0
FEENTERtpp,0.0,0.0
FEOXAMR1,0.0,1.1102230246251565e-16
FEOXAMR2,0.0,-0.006784814919524429
FEOXAMUtex,0.0,0.0
FEOXAMUtpp,0.0,0.0
FEOXAMabcpp,0.0,-0.003392407459762159
FEOXAMexs,0.0,0.0
GAt1,0.0,0.0
FEOXAMtonex,0.0,0.0
FEROpp,0.0035969814577798747,0.0
FERULCOAS,0.0,0.0
FERtex,0.0,-0.0
FERtpp,0.0,0.0
FLDR2,0.0070842435928195465,0.0
FMETTRS,0.0,-5.551115123125783e-17
FMNAT,0.00021845900867022866,0.0
FMNRx2_copy1,0.0,-1.1102230246251565e-16
FMNRx,0.00021845900867022866,0.0
FMNRx2_copy2,0.0,-1.1102230246251565e-16
FOLD3,0.0,0.0
FORGLUIH2,0.0,0.0
FORt2pp,0.0,0.0
FORtex,0.0,-0.0
FRDO4r,0.0,-6.938893903907228e-17
FRDO5r,0.0,-1.1102230246251565e-16
FRDO6r,0.0,-0.0
FRDO7r,-0.001310754052021372,2.0816681711721685e-17
FRUK,0.0,0.0
FRUptspp,0.0,0.0
FRUtex,0.0,0.0
FTHFCL,0.0,-0.009046419892699165
FTHFD,0.0,-2.220446049250313e-16
FUM,5.6204466348787125,0.0
FUMAC,0.0,0.0
FUMt2_2pp,0.0,0.0
FUMtex,0.0,0.0
G1PACT,0.07752453861043593,-1.3877787807814457e-17
G1PTT,0.0,1.3877787807814457e-17
G1SAT,0.006990688277447317,0.0
G2PP,0.0,0.0
G3PAT120,0.0,-2.7755575615628914e-17
G3PAT140,0.00041634564432666894,0.0
G3PAT141,0.0,0.0
G3PAT160,0.013119296161935884,0.0
G3PAT161,0.0,0.0
G3PAT180,0.004364281989353671,0.0
G3PAT181,0.029704547358290014,0.0
G3PD2,-0.15516565400128335,6.938893903907228e-18
G3PD5,0.0,-0.006784814919524582
G3PEabcpp,0.0,0.0
G3PGabcpp,0.0,-0.09951061881969125
G5SADs,0.2579187793842951,0.0
G5SD_copy1,0.2579187793842951,2.7755575615628914e-17
G6PBDH,0.0,-0.0011308024865876176
G6PDH2r,0.0,-0.0011308024865876176
G6PI,0.0,-0.0
GACH,0.0,0.0
GAD2ktpp,0.0,-5.551115123125783e-17
GADOX,0.0,0.0
GALCTD,0.0,0.0
GALCTt2rpp,0.0,0.0
GALCTtex,0.0,-0.0
GALURDH,0.0,0.0
GALURt2rpp,0.0,-0.0
GALURtex,0.0,-0.0
GALUi,0.03407568680531495,-1.3877787807814457e-17
GAPD,8.43694440606391,2.0816681711721685e-17
GARFT,0.40647580346409684,-5.551115123125783e-17
GART,0.0,-0.009046419892699054
GAt2pp,0.0,0.0
GBDM,0.0,0.0
GCALDD,0.0008738360346809727,-4.85722573273506e-17
GCALDtabcpp,0.0,0.0
GDBTALDH,0.0,-0.01809283978539833
GDPDPK,0.0,-0.009046419892699165
GDPMANNDH,0.0,-0.18205920034057205
GDPTPDP,0.0,0.0
GF6PTA,0.07752453861043593,0.0
GG15DAPAH,0.0,0.0
GG15DAPDxr,0.0,-0.0
GG15DAPO,0.0,0.0
GG15DAPS,0.0,-0.02487765470492259
GGDAPAH,0.0,0.0
GGDAPDxr,0.0,-0.0
GGDAPO,0.0,0.0
GGDAPS,0.0,0.0
GGGABADxr,0.0,-0.0
GGGABAH,0.0,0.0
GGPTRCO,0.0,0.0
GGPTRCS,0.0,-0.024877654704922647
GGSPMDO,0.0,-0.03392407459762187
GGSPMDS,0.0,0.0
GHMT2r,1.0725671172677211,0.0
GK1,0.22675849172607704,0.0
GLBRAN3,0.0,0.0
GLCDpp,10.0,0.0
GLCNt2rpp,10.0,0.0
GLCNtex,0.0,0.0
GLCOAS,0.0,0.0
GLCOASYNT,0.0,0.0
GLCP3,0.0,0.0
GLCP4,0.0,0.0
GLCRD,0.0,0.0
GLCRt2rpp,0.0,0.0
GLCRtex,0.0,-0.0
GLCS3_1,0.0,0.0
GLCURDH,0.0,0.0
GLCURt2rpp,0.0,0.0
GLCURtex,0.0,0.0
GLCabcpp,0.0,-0.001130802486586896
GLCtex,10.0,0.0
GLDBRAN3,0.0,0.0
GLGC,0.0,0.0
GLNS_copy1,1.644998294560433,0.0
GLNTRAT,0.0,0.0
GLNTRS,0.0,0.0
GLNtex,0.0,0.0
GLU5K,0.2579187793842951,0.0
GLUCYS_copy1,0.0,0.0
GLUDxi,-7.468753000088957,5.551115123125783e-17
GLUDy,0.0,1.1102230246251565e-16
GLUNpp,0.0,0.0
GLUPRT,0.40647580346409684,0.0
GLUR,-0.6650813082523328,-0.0
GLUSy,0.0,-0.009046419892699276
GLUTARt2rpp,0.0,0.0
GLUTARtex,0.0,0.0
GLUTCOADHc,0.0,0.0
GLUTRR,0.006990688277447317,-6.938893903907228e-17
GLUTRS,0.006990688277447317,2.7755575615628914e-17
GLUabcpp,0.0,-0.006784814919524373
GLUt2rpp,0.0,0.0
GLUt4pp,0.0,0.0
GLUtex,0.0,0.0
GLXCL,0.0,-0.006784814919523735
GLXO3r,0.0,0.0
GLYALDDr,0.0,-0.0
GLYALDtex,0.0,-0.0
GLYALDtpp,0.0,0.0
GLYBACT1r,0.0,0.0
GLYBCOAT,0.0,0.0
GLYBabcpp,0.0,-0.006784814919524373
GLYBt2pp,0.0,0.0
GLYBtex,0.0,0.0
GLYBti4pp,0.0,0.0
GLYCAt2rpp,0.0,0.0
GLYCAtex,0.0,0.0
GLYCK,0.0,-0.009046419892699234
GLYCL,0.0,-0.011308024865874011
GLYCLTDx,0.0,-0.015831234812223482
GLYCLTDy,0.0,-0.015831234812223594
GLYCLTt2rpp,-0.0075902260052777195,-0.0
GLYCLTt4pp,0.0075902260052777195,0.0
GLYCLTtex,0.0,-0.0
GLYCOLDHpp,0.0,0.0
GLYCOLtex,0.0,0.0
GLYCTO1,0.0008738360346809415,0.0
GLYCtex,0.0,0.0
GLYCtpp,-0.004868794946596576,-0.0
HPYRRx,0.0,0.0
GLYGLNabcpp,0.0,0.0
GLYGLNtex,0.0,0.0
GLYGLUabcpp,0.0,0.0
GLYGLUtex,0.0,0.0
GLYGLYabcpp,0.0,0.0
GLYGLYtex,0.0,0.0
GLYK,0.004868794946596576,0.0
GLYMETabcpp,0.0,0.0
GLYMETtex,0.0,-0.0
GLYO1,0.0,-0.018092839785398593
GLYOX,0.0,-0.027139259678097716
GLYPHEabcpp,0.0,0.0
GLYPHEtex,0.0,0.0
GLYSERabcpp,0.0,0.0
GLYSERtex,0.0,0.0
GLYTRS,0.0,0.0
GLYabcpp,0.0,-0.006784814919524373
GLYt2pp,0.0,0.0
GLYt4pp,0.0,0.0
GLYtex,0.0,-0.0
GMAND,0.0,0.0
GMHEPAT,0.017037843402657474,0.0
GMHEPK,0.017037843402657474,0.0
GMHEPPA,0.017037843402657474,0.0
GMPS2,0.2265400327174068,0.0
GND,1.352265672034357,0.0
GNK,10.0,0.0
GNNUC,0.0,0.0
GPDDA2,0.0,0.0
GPDDA4,0.0,0.0
GPTNH,0.0,0.0
GRTT,0.0004907980419003796,-5.551115123125783e-17
GRXR,0.17875628802723748,0.0
GTHOr,0.17875628802723748,0.0
GTHPi,0.0,-0.015831234812223594
GTHRDHpp,0.0,0.0
GTHRDabc2pp,0.0,-0.03844728454397145
GTHS,0.00021845900867022866,0.0
GTPCI,0.0010922950433512014,0.0
GTPCII2,0.000655377026010686,-8.326672684688674e-17
GTPDPDP,0.0,-0.009046419892699165
GTPDPK,0.0,-0.009046419892699165
GTPHs,0.0,0.0
GTR1_kt,0.0,-2.220446049250313e-16
GTR2_kt,0.0,0.0
GUACYC,0.0,0.0
GUAD,0.0,-0.018092839785398274
GUAPRT,0.0,-0.009046419892699109
GUAt2pp,0.0,0.0
GUAtex,0.0,0.0
GUDACabcpp,0.0,0.0
GUDACtex,0.0,0.0
GUDBUTNAH,0.0,0.0
GUDPTNabcpp,0.0,0.0
GUDPTNtex,0.0,0.0
H2CO3D,2.3011129870891898,0.0
H2CO3D2,-2.3011129870891898,-0.0
H2O2tex,0.0,-0.0
H2Otex,-46.228809910731954,-0.0
H2Otpp,-56.252788970753144,-0.0
H2SO,0.0,-0.0723713591415932
H2St1pp,0.0,-0.07010975416841841
H2Stex,0.0,0.0
HACD10i,0.0,-2.220446049250313e-16
HACD11i,0.0,-1.1102230246251565e-16
HACD12i,0.0,-2.220446049250313e-16
HACD13i,0.0,-2.220446049250313e-16
HACD14i,0.0,-2.220446049250313e-16
HACD15i,0.0,-2.220446049250313e-16
HACD16i,0.0,0.0
HACD17i,0.0,0.0
HACD18i,0.0,0.0
HACD19i,0.0,-2.220446049250313e-16
HACD1i,0.0,0.0
HACD20i,0.0,-1.1102230246251565e-16
HACD21i,0.0,-1.1102230246251565e-16
HACD22i,0.0,0.0
HACD23i,0.0,-2.220446049250313e-16
HACD24i,0.0,0.0
HACD25i,0.0,0.0
SBO3tex,0.0,-0.0
HACD26i,0.0,-1.1102230246251565e-16
HACD27i,0.0,-1.1102230246251565e-16
HACD28i,0.0,-1.1102230246251565e-16
HACD29i,0.0,-1.1102230246251565e-16
HACD2i,0.0,-2.220446049250313e-16
HACD30i,0.0,-1.1102230246251565e-16
HACD31i,0.0,-1.1102230246251565e-16
HACD32i,0.0,-2.220446049250313e-16
HACD33i,0.0,-2.220446049250313e-16
HACD3i,0.0,-2.220446049250313e-16
HACD4i,0.0,0.0
HACD5i,0.0,-2.220446049250313e-16
HACD6i,0.0,-2.220446049250313e-16
HACD7i,0.0,-1.1102230246251565e-16
HACD8i,0.0,0.0
HACD9,0.0,-0.0
HVCD,0.0,-0.0
HADPCOADH3,0.0,-1.1102230246251565e-16
HAT40tex,0.0,-0.0
HAT40tpp,0.0,-0.0
HATBH,0.0,0.0
HBZOPT,0.0002184590086702296,0.0
HCO3E,0.0,0.0
HCYSMT,0.0,-0.018092839785398163
HCYSMT2,0.0,2.7755575615628914e-17
HCYStabcpp,0.0,0.0
HCYStex,0.0,-0.0
HDCAtexi,0.0,0.0
HDCEAtexi,0.0,0.0
CTECOAI7,0.0,0.0
HEMEOS,0.00021845900867022866,-5.551115123125783e-17
HEPCT,0.008518921701328737,-8.881784197001252e-16
HEPK1_kt,0.008518921701328737,0.0
HEPK2_kt,0.008518921701328737,0.0
HEPK3_kt,0.008518921701328737,0.0
HEPT1_kt,0.008518921701328737,0.0
HEPT2_kt,0.008518921701328737,0.0
HEX1,0.0,0.0
HG2t3pp,0.0,-0.002261604973174791
HG2tex,0.0,-0.0
HG2tppi,0.0,0.0
HGENTISt2pp,0.0,0.0
HGENTIStex,0.0,0.0
HGNTOR,0.0,-0.10064142130627846
HIBDkt,0.0,5.551115123125783e-17
HISDr,0.0,0.0
HISGLYabcpp,0.0,0.0
HISGLYtex,0.0,0.0
HISHISabcpp,0.0,0.0
HISHIStex,0.0,0.0
HISTD,0.12371735312087223,-8.326672684688674e-17
HISTP,0.12371735312087223,0.0
HISTRS,0.0,0.0
HISabcpp,0.0,-0.006784814919524373
HISt2rpp,0.0,-0.0
HIStex,0.0,-0.0
HIUH_c,0.0,0.0
HMBS,0.0008738360346809146,0.0
HMGL,0.0,-0.015831234812223594
HMPK1,0.0,0.0
HMSD,0.0,5.551115123125783e-17
HMSD2,0.0,0.0
HMSH,0.0,0.0
HMSH2,0.0,0.0
HMSH3,0.0,0.0
HOMt2pp,0.0,-0.004523209946349582
HOMtex,0.0,0.0
HOMtpp,0.0,0.0
HOPNTAL,0.0,0.0
HOPNTAL2,0.0,-6.938893903907228e-18
HOXG,0.0,-1.5084905171075902
HPAtexi,0.0,0.0
HPPK,0.0,-0.00904641989269922
HPYRI,0.0,-0.0
HPYRRy,0.0,-1.1102230246251565e-16
HSDy,-0.1199604459538304,2.7755575615628914e-17
HSERTA,0.1199604459538304,0.0
HSK,0.0,-0.01583123481222326
HSTPT,0.12371735312087223,0.0
HXAND,0.0,0.0
HXANt2pp,0.0,0.0
HXAtex,0.0,0.0
HXPRT,0.0,-0.009046419892699165
HYGBDIAS,0.00021845900867022866,-2.220446049250313e-16
HYXNtex,0.0,0.0
Htex,-9.590508202149499,-0.0
I2FE2SR,0.00021845900867022866,0.0
I2FE2SS2fdx,0.0004369180173404573,2.7755575615628914e-17
I2FE2SSfdx,0.0004369180173404573,6.938893903907228e-18
I2FE2ST,0.00021845900867022866,0.0
I4FE4SRfdx,0.0004369180173404573,0.0
I4FE4ST,0.0004369180173404573,0.0
ICDHyr,5.149807684144082,0.0
ICITt4pp,0.0,0.0
ICITt_kt,0.0,0.0
ICITtex,0.0,0.0
ICL,0.6281067512398453,0.0
ICYSDS,0.0032768851300534296,0.0
IG3PS,0.12371735312087223,0.0
IGPDH,0.12371735312087223,0.0
IGPS,0.0760119793755174,0.0
ILEDHr_1,0.0,0.0
ILETA,-0.23957116156642638,-0.0
ILETRS,0.0,0.0
ILEabcpp,0.0,-0.006784814919524373
ILEt2rpp,0.0,0.0
ILEtex,0.0,0.0
IMPC,-0.5299746975762989,-0.0
IMPD,0.2265400327174068,0.0
IND3ACtex,0.0,-0.0
IND3ACtpp,0.0,0.0
INDOLEt5,0.0,-0.002261604973174791
INDOLEt6,0.0,-0.002261604973174791
INDOLEtex,0.0,-0.0
INDOLEtpp,0.0,0.0
INSH,0.0,5.551115123125783e-17
INStex,0.0,-0.0
IPDDI,0.0004907980419003796,0.0
IPDPS,0.002995729365531658,0.0
IPMD,0.6159652575003184,-2.7755575615628914e-17
IPPMIa,-0.6159652575003184,-0.0
IPPMIb,-0.6159652575003184,-0.0
IPPS,0.6159652575003184,0.0
ISETACabcpp,0.0,0.0
ISETACtex,0.0,0.0
ISOAML,0.0,-0.01809283978539833
IVCS,0.0,0.0
IZPN,0.0,0.0
KARA1,-0.9976405754778929,2.7755575615628914e-17
KARA2,0.23957116156642638,-2.7755575615628914e-17
KAS14,0.27814338133046945,-1.6653345369377348e-16
KAS15,0.0,-3.3306690738754696e-16
KAT1,0.0,0.0
KAT10,0.0,0.0
KAT11,0.0,0.0
KAT12,0.0,0.0
KAT13,0.0,0.0
KAT14,0.0,0.0
KAT15,0.0,0.0
KAT16,0.0,0.0
KAT17,0.0,0.0
KAT18,0.0,0.0
KAT19,0.0,0.0
ACACT11,0.0,-0.024877654704922758
KAT20,0.0,0.0
KAT21,0.0,0.0
KAT22,0.0,-0.015831234812223594
KAT23,0.0,0.0
KAT24,0.0,0.0
KAT25,0.0,-0.02487765470492298
KAT26,0.0,0.0
KAT27,0.0,0.0
KAT28,0.0,0.0
KAT29,0.0,0.0
ACACT8,0.0,-0.015831234812223816
KAT30,0.0,0.0
KAT31,0.0,0.0
KAT32,0.0,0.0
ACACT13,0.0,-0.015831234812223594
ACACT10,0.0,-0.015831234812223594
ACACT9,0.0,-0.009046419892698943
ACACT12,0.0,0.0
ACACT8r,0.0,-0.015831234812223816
VCACT,0.0,-0.0
KDOCT2,0.017037843402657474,-2.7755575615628914e-17
KDOPP,0.017037843402657474,0.0
KDOPS,0.017037843402657474,0.0
Kabcpp,0.0,-0.006784814919524373
Kt2pp,0.0,0.0
Kt3pp,0.0,-0.004523209946349582
Ktex,0.15528125114488464,0.0
LALALGLUtex,0.0,0.0
LALGP,0.0,0.0
LCADi,0.0,0.0
LCTSt3ipp,0.0,0.0
LDH_D,0.0,3.469446951953614e-17
LDH_D2,0.0,-0.006784814919524693
LLEUDr,-0.6159652575003184,-2.7755575615628914e-17
LEULEUabcpp,0.0,0.0
LEULEUtex,0.0,-0.0
LEUTA,0.0,-5.551115123125783e-17
LEUTRS,0.0,0.0
LEUabcpp,0.0,-0.006784814919524373
LEUt2rpp,0.0,0.0
LEUtex,0.0,-0.0
LGTHL,0.0,-2.7755575615628914e-17
LIPAH,0.008518921701328737,0.0
LIPOCT,0.00021845900867022866,0.0
LIPOS,0.00021845900867022866,-1.3877787807814457e-16
LNLCtexi,0.0,0.0
LPADSS2_1,0.008518921701328737,8.881784197001252e-16
LPCOXc,0.0,0.0
LPLIPAL1E160pp,0.0,0.0
LPLIPAL1E161pp,0.0,0.0
LPLIPAL1E180pp,0.0,-0.04070888951714613
LPLIPAL1E181d11pp,0.0,-0.040708889517146574
LPLIPAL1G160pp,0.0,0.0
LPLIPAL1G161pp,0.0,0.0
LPLIPAL1G180pp,0.0,0.0
LPLIPAL1G181d11pp,0.0,0.0
LPSALAT,0.008518921701328737,0.0
LPSGTR1_kt,0.008518921701328737,0.0
LPSGTR2_kt,0.008518921701328737,0.0
LPSGTR3_kt,0.008518921701328737,0.0
LPSGTR4_kt,0.008518921701328737,0.0
LSERDHr,0.24776582348358978,-1.1102230246251565e-16
LTDCL,0.0,0.0
LYSDC,0.0,-0.042970494490321365
LYSMO,0.0,-0.07463296411476833
LYSRC,0.0,-0.0
LYSTRS,0.0,0.0
LYSabcpp,0.0,0.0
LYStex,0.0,0.0
L_LACD2,0.0,0.0
L_LACt2rpp,0.0,-0.0
L_LACtex,0.0,-0.0
MACACI,0.0,0.0
MACCOAT,0.0,0.0
MACPD,0.0,-0.009046419892699165
MAGLIPA160ex,0.0,0.0
MAGLIPA180ex,0.0,0.0
MAGLIPA181d9ex,0.0,0.0
MAGLIPA182d9d12ex,0.0,0.0
MAK,0.0,0.0
MALCOAMT,0.00021845900867022866,0.0
MALDt2_2pp,0.0,0.0
MALDtex,0.0,-0.0
MALEI,0.0,0.0
MALS,0.6289805872745262,-1.3877787807814457e-17
MALTT,0.0,0.0
MALt2_2pp,0.0,0.0
MALtex,0.0,0.0
MAN1PT2,0.0,-1.3877787807814457e-17
MAN6PI,0.0,-0.0
MANE,0.0,0.0
MANabcpp,0.0,0.0
MANtex,0.0,0.0
MBCOAi,0.0,0.0
MCBTFR1,0.0,1.1102230246251565e-16
MCBTFR2,0.0,-0.006784814919524429
MCBTFUexs,0.0,0.0
MCBTFabcpp,0.0,-0.003392407459762159
MCBTFtex,0.0,0.0
MCBTFtonex,0.0,0.0
MCBTFtpp,0.0,0.0
MCCC,0.0,0.0
MCITD,0.0,0.0
MCITL2,0.0,0.0
MCITS,0.0,4.163336342344337e-17
MCOATA,1.8946068148839772,0.0
MCSNAH,0.0,-0.03392407459762126
MCSNtex,0.0,0.0
MCSNtpp,0.0,0.0
MCTP1App,0.010956258085057565,0.0
MCTP1Bpp,0.0019387012473470065,0.0
MCTP2App,6.465602947190624e-05,0.0
MDDCP1pp,0.002881111858740549,-6.938893903907228e-18
MDDCP2pp,6.465602947190624e-05,0.0
MDDCP3pp,0.0,0.0
MDDCP4pp,0.007755784626198208,0.0
MDDCP5pp,0.0,0.0
MDDEP1pp,0.0,0.0
MDDEP2pp,0.0,0.0
MDDEP3pp,0.007755784626198208,0.0
MDDEP4pp,0.0,-0.0022616049731745136
MDH,6.249427222153239,-2.7755575615628914e-17
MDH2,0.0,-0.006784814919524804
MDNTHAep,0.0,0.0
ME2,0.0,-0.009046419892699165
MECDPDH5,0.002995729365531658,0.0
MECDPS_copy1,0.0,5.551115123125783e-17
MELIBt3ipp,0.0,0.0
MEOHtex,0.0,-0.0
MEOHtrpp,0.0,0.0
MEPCT,0.002995729365531658,2.7755575615628914e-17
METAT,0.005396819187283813,-2.7755575615628914e-17
METDabcpp,0.0,0.0
METGL,0.0,-0.0474937044366707
METOX1s,0.0,0.0
METOX2s,0.0,0.0
METS,0.12426497009776308,-2.7755575615628914e-17
METSOXR1,0.0,-0.015831234812223594
METSOXR2,0.0,-0.015831234812223594
METTRS,0.0,0.0
METabcpp,0.0,0.0
METtex,0.0,-0.0
MG2tex,0.00690056169091072,0.0
MG2tpp,0.00690056169091072,0.0
MG2uabcpp,0.0,-0.009046419892699165
MGCH,0.0,0.0
MI1PP,0.0,0.0
MICITDr,0.0,0.0
MLDCP1App,0.0003193616001188096,4.163336342344337e-17
MLDCP1Bpp,0.0,-0.004523209946349471
MLDCP2App,0.0,0.0
MLDCP2Bpp,0.0,-0.004523209946349471
MLDCP3App,0.0019387012473470065,0.0
MLDEP1pp,0.0019387012473470065,0.0
MLDEP2pp,0.0,0.0
MLTGY1pp,0.0,-0.004523209946349471
MLTGY2pp,0.0,-0.0022616049731747356
MLTGY3pp,0.0,0.0
MLTGY4pp,0.0,-1.1102230246251565e-16
MMETt2pp,0.0,0.0
MMETtex,0.0,-0.0
MMSAD3,0.0,-0.03392407459762181
MMTSAO,0.0,-0.024877654704923424
MN2t3pp,0.0,-0.011308024865873956
MNabc_1,0.00275963689427818,0.0
MNtex,0.00275963689427818,0.0
MOADSUx,0.001310754052021372,0.0
MOAT2_kt,0.008518921701328737,2.220446049250313e-16
MOAT_kt,0.008518921701328737,2.220446049250313e-16
MOBDabcpp,0.0,0.0
MOBDtex,0.0,-0.0
MOCOS,0.0004369180173404573,0.0
MOGDS,0.00021845900867022866,0.0
MOHMT,0.0005632911658537209,0.0
MOTH1,0.0,0.0
MOTS1,0.0,0.0
MPTAT,0.000655377026010686,0.0
MPTG,0.012959615361876477,0.0
MPTG2,6.465602947190624e-05,0.0
MPTS,0.000655377026010686,-2.7755575615628914e-17
MPTSS,0.001310754052021372,0.0
MSO3abcpp,0.0,0.0
MSO3tex,0.0,0.0
MSULR,0.0,2.220446049250313e-16
MTHFC,0.9366689600490659,0.0
MTHFD,0.9366689600490659,-5.551115123125783e-17
MTHFR2,0.12448342910643331,0.0
MTI,0.0,0.0
MTOLDOX,0.0,0.0
MTRI,0.0,-0.0
MUCCYCI,0.0,0.0
MUCCY_kt,0.0,0.0
MUCLI,0.0,-0.0
MXMO,0.0,0.0
MXYLt5,0.0,-0.002261604973174791
MXYLt6,0.0,-0.002261604973174791
M_XYLtpp,0.0,0.0
M_Xylt1,0.0,-0.0
NACHY,0.0,0.0
NACODA,0.0,-0.00904641989269922
NACt1pp,0.0,0.0
NACtex,0.0,0.0
NADDP,0.0,-0.009046419892699109
NADH16pp,22.94028417897627,0.0
NADH5,0.0,-0.006784814919524429
NADHPO,0.0,-0.015831234812223482
NADK,0.00043691801734979663,5.551115123125783e-17
NADN,0.0,-0.00904641989269922
NADPHQR2,0.0,-0.006784814919524429
NADS1,0.0022296533799711638,0.0
NADTRHD,0.0,0.0
NAMNPP,0.00021845900867022866,0.0
NAt3_1p5pp,0.0,-0.002261604973174791
NAt3pp_copy1,0.0,0.0
NAt3_2pp,0.0,-0.002261604973174791
NAt3pp_copy2,0.0,0.0
NAtex,0.0034502808454553602,0.0
NBAHH_ir,0.0,0.0
NCBMPTSabcpp,0.0,0.0
NCBMPTStex,0.0,0.0
NDPK1,0.0,0.0
NDPK2,0.42528776912999566,0.0
NDPK3,0.1256619321890803,0.0
NDPK4,0.010632977937698036,0.0
NDPK5,0.017068212143773066,0.0
NDPK6,0.0,-0.0
NDPK7,0.01685954950320464,0.0
NDPK8,0.010583996097189014,0.0
NFMLDF,0.0,0.0
NFORGLUAH2,0.0,0.0
NH4t3pp,0.0,-0.002261604973174791
NH4tex,10.427416827270617,0.0
NH4tpp,10.427416827270617,0.0
NI2t3pp,0.0,-0.002261604973174791
NI2t4pp,0.0,0.0
NI2tex,0.00275963689427818,0.0
NI2tpp,0.00275963689427818,0.0
NI2uabcpp,0.0,-0.009046419892699165
NMNAT,0.0,-2.7755575615628914e-17
NMNDA,0.0,-0.00904641989269922
NMNN,0.0,0.0
NMTHDA,0.0,0.0
NNATr,0.0022296533799711638,0.0
NNDMBRT,0.00021845900867022866,4.996003610813204e-16
NNDPR,0.0022296533799711638,0.0
NO2t2rpp,0.0,-0.0
NO2tex,0.0,-0.0
NO3t2pp,0.0,0.0
NO3abcpp,0.0,-0.006784814919524373
NO3tex,0.0,-0.0
NODOx,0.0,-0.015831234812223594
NODOy,0.0,-0.015831234812223482
NONAtexi,0.0,0.0
NOtex,0.0,-0.0
NOtpp,0.0,-0.0
NTD1,0.0,0.0
NTD10,0.0,5.551115123125783e-17
NTD10pp,0.0,0.0
NTD11,0.0,0.0
NTD11pp,0.0,0.0
NTD12,0.0,0.0
NTD12pp,0.0,0.0
NTD1pp,0.0,0.0
NTD2,0.0005632911658537209,0.0
NTD2pp,0.0,0.0
NTD3,0.0,0.0
NTD3pp,0.0,0.0
NTD4,0.0,0.0
NTD4pp,0.0,0.0
NTD5,0.0,0.0
NTD5pp,0.0,0.0
NTD6,0.0,0.0
NTD6pp,0.0,0.0
NTD7,0.0,-0.009046419892699109
NTD7pp,0.0,0.0
NTD8,0.0,0.0
NTD8pp,0.0,0.0
NTD9,0.0,0.0
NTD9pp,0.0,0.0
NTP1,0.0,-0.009046419892699165
NTP10,0.0,-0.009046419892699165
NTP3,0.0,-0.009046419892699165
NTP5,0.0,-0.009046419892699165
NTPP1,0.0,-0.009046419892699165
NTPP10,0.0,-0.009046419892699165
NTPP11,0.0,-0.027139259678097494
NTPP2,0.0,-0.009046419892699165
NTPP3,0.0,-0.009046419892699165
NTPP4,0.0,-0.009046419892699165
NTPP5,0.0,-0.009046419892699165
NTPP6,0.0,-0.009046419892699165
NTPP7,0.0,-0.009046419892699165
NTPP8,0.0,-0.009046419892699165
NTPP9,0.0,0.0
NTPTP1,0.0,0.0
NTPTP2,0.0,0.0
NITR,0.0,-0.015831234812223482
NTRIR2x,0.0,-0.04523209946349588
O2tex,18.92178772075116,0.0
O2tpp,18.91819073929338,0.0
OAADC,0.0,-0.009046419892699165
OAAt2_2pp,0.0,0.0
OAAtex,0.0,0.0
OARGDC,0.0,0.0
OARGabcpp,0.0,0.0
OARGtex,0.0,0.0
OBDHc,0.0,-0.018092839785398662
OCAALD,0.0,0.0
OCBT2i,0.0,0.0
OCBT,0.347037319643216,0.0
OCDCAtexi,0.0,0.0
OCDCEAtexi,0.0,0.0
OCOAT1,0.0,-0.009046419892698943
OCOAT4,0.0,0.0
OCTAtex,0.0,0.0
OCTDPS,0.0002184590086702296,0.0
CTECOAI8,0.0,0.0
OGMEACPD,0.00021845900867022866,0.0
OGMEACPR,0.00021845900867022866,0.0
OGMEACPS,0.00021845900867022866,0.0
5HPUDICDC_c,0.0,0.0
OHCUDC2,0.0,0.0
OHPBAT,0.00021845900867022866,0.0
OHPHM,0.0002184590086702296,2.220446049250313e-16
PANTS,0.0005632911658537209,-4.163336342344337e-16
OIVD1r,0.0,-4.163336342344337e-17
OIVD2,0.0,1.3877787807814457e-17
OIVD3,0.0,2.7755575615628914e-17
OMAHY,0.0,0.0
OMAIS,0.0,-0.0
OMBZLM,0.0002184590086702296,0.0
OMCDC,0.6159652575003184,0.0
OMMBLHX,0.0002184590086702296,0.0
OMPDC,0.32488381281779655,0.0
OMPHHX,0.0002184590086702296,0.0
OP4ENH,0.0,-0.002261604973174791
OP4ENH2,0.0,0.0
OPAH,0.0,0.0
OPHBDC,0.0002184590086702296,0.0
OPHHX,0.0002184590086702296,0.0
OPMEACPD,0.00021845900867022866,0.0
OPMEACPR,0.00021845900867022866,-2.220446049250313e-16
OPMEACPS,0.00021845900867022866,0.0
ORN5O,0.00021845900867022866,0.0
ORNCD,0.0,-0.009046419892699109
ORNDC,0.032592516674701824,0.0
ORNabcpp,0.0,-0.006784814919524373
ORNtex,0.0,0.0
OROTt2_2pp,0.0,0.0
OROTtex,0.0,0.0
ORPT,-0.32488381281779655,-0.0
OSKTabcpp,0.0,-0.009046419892699387
OSKTpp,0.008518921701328737,0.0
OXAtpp,0.0,0.0
OXCOAHDH,0.0,1.1102230246251565e-16
OXDHCOAT,0.0,0.0
OXFOtex,0.0,0.0
OXOADLR,0.0,0.0
OXOAEL,0.0,0.0
OXPTNDH,0.0,0.0
OXYLt5,0.0,-0.002261604973174791
OXYLt6,0.0,-0.002261604973174791
O_XYLtppi,0.0,0.0
O_Xylt1,0.0,-0.0
P5CD,0.0,-0.009046419892699276
P5CR,0.2579187793842951,2.7755575615628914e-17
PA120abcpp,0.0,-0.0723713591415936
PA160abcpp,0.0,0.0
PA161abcpp,0.0,0.0
PA180abcpp,0.0,0.0
PA181abcpp,0.0,0.0
PACALDtex,0.0,-0.0
PACALtabcpp,0.0,0.0
PACCOAE,0.0,0.0
PACCOAL,0.0,0.0
PACt3,0.0,0.0
PACt1,0.0,0.0
PALDO2,0.0,-0.0
PALDP,0.0,0.0
PALGSKT,0.0,0.0
PPAt4pp,0.0,0.0
PAPA120,0.0,0.0
PAPA140,0.0,0.0
PAPA141,0.0,0.0
PAPA160,0.0,0.0
PAPA161,0.0,-0.00904641989269872
PAPA180,0.0,0.0
PAPA181,0.0,-0.009046419892699165
PAPPT3,0.025983886753224862,3.3306690738754696e-16
PAPSR,0.0,-0.009046419892699387
PAPSR2,0.0,-0.009046419892699387
PB2abcpp,0.0,-0.009046419892699165
PB2t5,0.0,-0.002261604973174791
PB2t6,0.0,-0.002261604973174791
PB2tex,0.0,-0.0
PB2tpp,0.0,0.0
PC,0.0,0.0
PC11M,0.00021845900867022866,0.0
PC17M,0.00021845900867022866,0.0
PC20M,0.00021845900867022866,0.0
PC6AR,0.00021845900867022866,0.0
PC6YM,0.00021845900867022866,0.0
PC8XM,0.00021845900867022866,0.0
PCADYOX,0.0,0.0
PDE1,0.0,-0.009046419892699165
PDE4,0.0,-0.009046419892699165
PDH,9.74729490529993,0.0
PDHa,0.0,0.0
PDHbr,0.0,1.8041124150158794e-16
PDHcr,3.9184502566774007,-8.326672684688674e-17
PDX5POi,0.00021845900867022866,0.0
PDX5PS,0.00021845900867022866,1.1102230246251565e-16
PE120abcpp,0.0,0.0
PE140abcpp,0.0,0.0
PE141abcpp,0.0,0.0
PE160abcpp,0.0,-0.040708889517146574
PE161abcpp,0.0,0.0
PE180abcpp,0.0,0.0
PE181abcpp,0.0,4.440892098500626e-16
PEAL2tabc,0.0,-0.01809283978539833
PEALtabc,0.0,0.0
PEALtex,0.0,-0.0
PEAMNO2pp,0.0,0.0
PEAMNtex,0.0,0.0
PEAOpp,0.0,0.0
PEAtabcpp,0.0,0.0
PENTSOtex,0.0,-0.0
PERD,0.00021845900867022866,-5.551115123125783e-17
PETNT161_kt,0.0,0.0
PETNT181_kt,0.008518921701328737,0.0
PG120abcpp,0.0,0.0
PG140abcpp,3.526692516649431e-05,0.0
PG141abcpp,0.0,0.0
PG160abcpp,0.0011324601525685395,0.0
PG161abcpp,0.0056289931112965645,0.0
PG180abcpp,0.00037618053510927264,0.0
PG181abcpp,0.0025646891690522806,0.0
PGAMT,-0.07752453861043593,-0.0
PGCD,1.8257941864264704,-2.0816681711721685e-17
PGI,-0.03407568680531495,-0.0
PGK,-8.43694440606391,6.938893903907228e-18
PGL,0.0,0.0
PGLCNDH,0.0,0.0
PGLYCP,0.0,0.0
PGM,-6.611150219637439,-0.0
PGMT,-0.03407568680531495,-0.0
PGP120abcpp,0.0,-0.002261604973174791
PGP140abcpp,0.0,-0.0022616049731747356
PGP141abcpp,0.0,-0.0022616049731747356
PGP160abcpp,0.0,-0.0022616049731747356
PGP161abcpp,0.0,-0.0022616049731747356
PGP180abcpp,0.0,-0.0022616049731754018
PGP181abcpp,0.0,-0.0022616049731745136
PGPP120,0.0,0.0
PGPP120pp,0.0,0.0
PGPP140,0.00017045680497138917,0.0
PGPP140pp,0.0,0.0
PGPP141,0.0,0.0
PGPP141pp,0.0,0.0
PGPP160,0.005397798824093991,0.0
PGPP160pp,0.0,0.0
PGPP161,0.027041894508219692,0.0
PGPP161pp,0.0,0.0
PGPP180,0.0017956742730606686,0.0
PGPP180pp,0.0,0.0
PGPP181,0.01222292848062082,0.0
PGPP181pp,0.0,0.0
PGSA120,0.0,-0.08820259395381713
PGSA140,0.00017045680497138917,0.0
PGSA141,0.0,0.0
PGSA160,0.005397798824093991,0.0
PGSA161,0.027041894508219692,0.0
PGSA180,0.0017956742730606686,0.0
PGSA181,0.01222292848062082,0.0
PHADPC100,0.0,0.0
PHADPC101,0.0,-0.00904641989269922
PHADPC120,0.0,0.0
PHADPC121,0.0,0.0
PHADPC121d6,0.0,0.0
PHADPC140,0.0,0.0
PHADPC141,0.0,0.0
PHADPC141d5,0.0,0.0
PHADPC142,0.0,-0.009046419892699165
PHADPC40,0.0,0.0
PHADPC50,0.0,0.0
PHADPC60,0.0,0.0
PHADPC70,0.0,0.0
PHADPC80,0.0,0.0
PHADPC90,0.0,0.0
PHADPCP100,0.0,0.0
PHADPCP40,0.0,0.0
PHADPCP50,0.0,0.0
PHADPCP60,0.0,0.0
PHADPCP70,0.0,0.0
PHADPCP80,0.0,0.0
PHADPCP90,0.0,-0.00904641989269922
PHADPCT40,0.0,-5.551115123125783e-17
PHADPCT60,0.0,0.0
PHAP2C100,0.0,-0.00904641989269922
PHAP2C101,0.0,0.0
PHAP2C120,0.0,0.0
PHAP2C121,0.0,-0.009046419892699165
PHAP2C121d6,0.0,-0.009046419892699165
PHAP2C140,0.0,-0.009046419892699165
PHAP2C141,0.0,-0.009046419892699165
PHAP2C141d5,0.0,-0.009046419892699165
PHAP2C142,0.0,0.0
PHAP2C60,0.0,-0.00904641989269922
PHAP2C80,0.0,-0.00904641989269922
PHAPC40,0.0,0.0
PHAPC50,0.0,-5.551115123125783e-17
PHAPC70,0.0,-0.00904641989269922
PHAPC90,0.0,-0.00904641989269922
PHAPCP100,0.0,-0.009046419892699165
PHAPCP40,0.0,-0.00904641989269922
PHAPCP50,0.0,-0.00904641989269922
PHAPCP60,0.0,-0.00904641989269922
PHAPCP70,0.0,-0.00904641989269922
PHAPCP80,0.0,0.0
PHAPCP90,0.0,0.0
PHAPCT40,0.0,0.0
PHAPCT60,0.0,-0.00904641989269922
PHEDCAtexi,0.0,0.0
PHEHPAtexi,0.0,0.0
PHEHXAtexi,0.0,0.0
PHEME2abcpp,0.0,0.0
PHEMEabcpp,0.0,-0.01809283978539833
PHEMEtiex,0.0,0.0
PHEMEtonex,0.0,-0.0022616049731747356
PHENONAtexi,0.0,0.0
PHEOCTAtexi,0.0,0.0
PHEPTtexi,0.0,0.0
PHETA1,-0.1871478569432428,-0.0
PHETHPTOX3,0.0,-0.03166246962444702
PHETRS,0.0,0.0
PHEt2rpp,0.0,0.0
PHEtex,0.0,0.0
PHNACH,0.0,-0.040708889517146185
PHPYRtex,0.0,0.0
PHPYRtpp,0.0,0.0
PIt2rpp,0.9096495971874776,0.0
PIt7ipp,0.0,-0.004523209946349582
PItex,0.9011306754861489,0.0
PIuabcpp,0.0,-0.006784814919524373
PLCTI1,0.0,0.0
PLCTI2,0.0,-0.0
PLCTI3,0.0,-0.0
PLCTI4,0.0,-0.0
PLCTI5,0.0,-0.0
PLCTI6,0.0,-0.0
PLIPA1E160pp,0.0,0.0
PLIPA1E161pp,0.0,-0.040708889517146574
PLIPA1E180pp,0.0,-0.04070888951714624
PLIPA1E181d11pp,0.0,-0.04070888951714691
PLIPA1G160pp,0.0,0.0
PLIPA1G161pp,0.0,-0.040708889517146574
PLIPA1G180pp,0.0,-0.04070888951714624
PLIPA1G181d11pp,0.0,-0.04070888951714691
PLIPA2E160pp,0.0,0.0
PLIPA2E161pp,0.0,-0.040708889517146574
PLIPA2E180pp,0.0,0.0
PLIPA2E181d11pp,0.0,0.0
PLIPA2G160pp,0.0,0.0
PLIPA2G161pp,0.0,0.0
PLIPA2G180pp,0.0,0.0
PLIPA2G181d11pp,0.0,0.0
PLPSLpp,0.008518921701328737,-2.220446049250313e-16
PLPSabctex,0.008518921701328737,4.440892098500626e-16
PMANM,0.0,-0.0
PMDPHT,0.000655377026010686,0.0
PMEACPE,0.00021845900867022866,0.0
PMPK,0.00021845900867022866,0.0
PNTK,0.0005632911658537209,0.0
PNTOt4pp,0.0,0.0
PNTOtex,0.0,-0.0
PPA,0.0,-0.009046419892699165
PPA2,0.0,-0.009046419892699165
PPBNGS,0.0034953441387236585,0.0
PPC,1.670176065104736,0.0
PPCDC,0.0005632911658537209,0.0
PPCK,0.0,-0.009046419892699165
PPCSCT,0.0,-2.220446049250313e-16
PPGPPDP,0.0,0.0
AROAT,0.0,-0.0
PPItex_1,0.0,0.0
PPIuabcpp,0.0,0.0
PPK2,-0.00021845900867022866,-0.0
PPK50_B,0.01091755200938715,2.3037127760972e-15
PPK50r,0.01091755200938715,0.0
PPK,-3.572803041667809,-0.0
PPM,-0.9336291470270811,-0.0
PPNCL2,0.0005632911658537209,0.0
PPND,0.13337167388520002,0.0
PPNDH,0.1871478569432428,0.0
PPPGO,0.0004369180173404573,0.0
PPRDNDH,0.0,0.0
PPS,0.0,-0.009046419892699178
PPYRDC,0.0,-0.07576376660135592
PQQAC,0.00021845900867022866,0.0
PQQFEP,0.00021845900867022866,0.0
PQQH2S,0.00021845900867022866,0.0
PQQH2tpp,0.0,-0.0
PQQtpp,0.0,0.0
PRAIS,0.40647580346409684,0.0
PRAIi_copy1,0.0,0.0
PRAMPC_copy1,0.0,0.0
PRASCSi_copy1,0.0,0.0
PRATPP,0.12371735312087223,-5.551115123125783e-17
PRFGS,0.40647580346409684,2.7755575615628914e-17
PRMICI_copy1,0.0,0.0
PROD2,0.0,-0.006784814919524651
PROGLYabcpp,0.0,0.0
PROGLYtex,0.0,0.0
PROTRS,0.0,0.0
PROabcpp,0.0,-0.006784814919524373
PROt2rpp,0.0,0.0
PROt4pp,0.0,0.0
PROtex,0.0,0.0
PRPPS,0.0,-2.7755575615628914e-17
PSCVT_copy1,0.0,0.0
PSD120,0.0,0.0
PSD140,0.00024588883935527977,0.0
PSD141,0.0,0.0
PSD160,0.007721497337841893,0.0
PSD161,0.03875933039478743,0.0
PSD180,0.0025686077162930024,0.0
PSD181,0.02600054057899793,0.0
PSERT,1.8257941864264704,0.0
PSP_L,1.8257941864264704,0.0
PSSA120,0.0,-0.1017722237928661
PSSA140,0.00024588883935527977,0.0
PSSA141,0.0,0.0
PSSA160,0.007721497337841893,0.0
PSSA161,0.03875933039478743,0.0
PSSA180,0.0025686077162930024,0.0
PSSA181,0.02600054057899793,0.0
PTA2,0.0,0.0
PTAr,0.0,2.7755575615628914e-17
PTAtex,0.0,-0.0
PTOLDOX,0.0,0.0
PTPATi,0.0,-0.0022616049731747356
PTRCTA,0.0,0.0
PTRCTA2,0.0,0.0
PTRCabcpp,0.0,-0.006784814919524373
PTRCt2pp,0.0,0.0
PTRCtex,0.0,0.0
PTSLAtexi,0.0,0.0
PUTA3,0.0,-0.00904641989269922
PXMO,0.0,0.0
PXYLt5,0.0,-0.002261604973174791
PXYLt6,0.0,-0.002261604973174791
PYAM5PO,0.0,0.0
PYDAMK,0.0,0.0
PYDAMtex,0.0,-0.0
PYDAMtpp,0.0,0.0
PYDXK,0.0,0.0
PYDXNK,0.0,0.0
PYK,4.102704813882199,0.0
PYNP2r,0.0005632911658537209,0.0
PYOVD2tex,0.00021845900867022866,0.0
PYOVDM1,0.00021845900867022866,0.0
PYOVDM2,0.00021845900867022866,0.0
PYOVDtex,0.0,-0.009046419892699165
PYRDOX,0.0,0.0
PYRZAM,0.0,-0.0972490138465165
PYRt2rpp,0.0,0.0
PYRtex,0.0,0.0
P_XYLtpp,0.0,0.0
P_Xylt1,0.0,-0.0
QOR1,0.0,0.0
QOR2,0.0,0.0
QOR3,0.0,0.0
QUEA1,0.0,1.3877787807814457e-17
QUEA2,0.0,1.3877787807814457e-17
QUEA3,0.0,1.3877787807814457e-17
QUIDH,0.0,-0.011308024865874011
QUIDHy,0.0,0.0
QUIN2tex,0.0,0.0
QUINtpp,0.0,0.0
QULNS,0.0022296533799711638,0.0
R05219,0.00021845900867022866,0.0
R15BPK,0.9341924381929348,-1.3877787807814457e-17
R1PK,0.9341924381929348,0.0
RBFK,0.0004369180173404573,0.0
RBFSa,0.001310754052021372,0.0
RBFSb,0.000655377026010686,0.0
RBK,0.0,-0.009046419892699192
RDXR,0.0,-0.0
RECOAH10,0.0,0.0
RECOAH11,0.0,0.0
RECOAH12,0.0,0.0
RECOAH13,0.0,-0.0
RECOAH14,0.0,-0.0
RECOAH15,0.0,-2.220446049250313e-16
RECOAH16,0.0,-2.220446049250313e-16
RECOAH17,0.0,-0.0
RECOAH19,0.0,0.0
RECOAH2,0.0,0.0
RECOAH20,0.0,-0.0
RECOAH21,0.03579984759123245,0.0
RECOAH22,0.0,-0.0
RECOAH23,0.0,0.0
RECOAH24,0.0,0.0
RECOAH25,0.0,-0.0
RECOAH26,0.0,0.0
RECOAH3,0.0,-0.0
RECOAH4,0.0,-0.0
RECOAH5,0.0,-0.0
RECOAH6,-0.03579984759123245,-0.0
RECOAH7,0.0,0.0
RECOAH8,0.0,0.0
RECOAH9,0.0,-0.0
REPHACCOAI,0.0,0.0
RHA100tex,0.0,-0.0
RHA100tpp,0.0,0.0
RHA101tex,0.0,-0.0
RHA101tpp,0.0,0.0
RHA120tex,0.0,-0.0
RHA120tpp,0.0,0.0
RHA121d6tex,0.0,-0.0
RHA121d6tpp,0.0,-0.0
RHA121tex,0.0,-0.0
RHA121tpp,0.0,0.0
RHA140tex,0.0,-0.0
RHA140tpp,0.0,-0.0
RHA141d5tex,0.0,-0.0
RHA141d5tpp,0.0,-0.0
RHA141tex,0.0,-0.0
RHA141tpp,0.0,0.0
RHA142tex,0.0,-0.0
RHA142tpp,0.0,-0.0
RHA160tex,0.0,-0.0
RHA160tpp,0.0,0.0
RHA40tex,0.0,-0.0
RHA40tpp,0.0,0.0
RHA50tex,0.0,-0.0
RHA50tpp,0.0,-0.0
RHA60tex,0.0,-0.0
RHA60tpp,0.0,0.0
RHA70tex,0.0,-0.0
RHA70tpp,0.0,0.0
RHA80tex,0.0,-0.0
RHA80tpp,0.0,0.0
RHA90tex,0.0,-0.0
RHA90tpp,0.0,0.0
RHACOAE100,0.0,-0.009046419892699165
RHACOAE120,0.0,0.0
RHACOAE121,0.0,-0.009046419892699165
RHACOAE121d6,0.0,-0.009046419892699165
RHACOAE140,0.0,-0.009046419892699165
RHACOAE141,0.0,-0.009046419892699165
RHACOAE141d5,0.0,-0.009046419892699165
RHACOAE142,0.0,-0.009046419892699165
RHACOAE160,0.0,-0.009046419892699165
HBRCH,0.0,5.551115123125783e-17
RHACOAE50,0.0,0.0
RHACOAE60,0.0,-0.009046419892699165
RHACOAE70,0.0,-0.009046419892699165
RHACOAE80,0.0,-0.009046419892699165
RHACOAE90,0.0,-0.009046419892699165
RHACOAEP100,0.0,-0.009046419892699165
RHACOAEP101,0.0,-0.009046419892699165
RHACOAEP40,0.0,-0.009046419892699165
RHACOAEP50,0.0,-0.009046419892699165
RHACOAEP60,0.0,-0.009046419892699165
RHACOAEP70,0.0,-0.009046419892699165
RHACOAEP80,0.0,0.0
RHACOAEP90,0.0,-0.009046419892699165
RHACOAET40,0.0,0.0
RHACOAET60,0.0,-0.009046419892699165
RHACOAR100,0.0,0.0
RHACOAR101,0.0,-0.0
RHACOAR120,0.0,0.0
RHACOAR121d5,0.0,-0.0
RHACOAR121d6,0.0,-0.0
RHACOAR140,0.0,0.0
RHACOAR141d5,0.0,0.0
RHACOAR141d7,0.0,-2.220446049250313e-16
RHACOAR142,0.0,0.0
RHACOAR60,0.0,-0.0
RHACOAR70,0.0,-0.0
RHACOAR80,0.0,0.0
RHACOAR90,0.0,-0.0
RHACOARP100,0.0,-0.0
RHACOARP40,0.0,-0.0
RHACOARP50,0.0,-0.0
RHACOARP60,0.0,-0.0
RHACOARP70,0.0,-0.0
RHACOARP80,0.0,-0.0
RHACOARP90,0.0,-0.0
RHACOART60,0.0,-0.0
RHAP100tex,0.0,-0.0
RHAP100tpp,0.0,0.0
RHAP40tex,0.0,-0.0
RHAP40tpp,0.0,-0.0
RHAP50tex,0.0,-0.0
RHAP50tpp,0.0,-0.0
RHAP60tex,0.0,-0.0
RHAP60tpp,0.0,-0.0
RHAP70tex,0.0,-0.0
RHAP70tpp,0.0,0.0
RHAP80tex,0.0,-0.0
RHAP80tpp,0.0,-0.0
RHAP90tex,0.0,-0.0
RHAP90tpp,0.0,0.0
RHAT40tex,0.0,0.0
RHAT40tpp,0.0,-0.0
RHAT60tex,0.0,-0.0
RHAT60tpp,0.0,0.0
RHMNT1,0.0,0.0
RHMNT2,0.0,0.0
RIBabcpp,0.0,0.0
RIBtex,0.0,0.0
RMD,0.0,0.0
RNDR1,0.010583996097189014,0.0
RNDR2,0.017068212143773066,0.0
RNDR3,0.01685954950320464,0.0
RNDR4,0.010632977937698036,0.0
RPE,0.12863806881840836,0.0
RPI,-1.2052790057612697,-0.0
RZ5PP,0.00021845900867022866,0.0
S7PI,0.017037843402657474,0.0
SADH,0.0,-0.04523209946349577
SADT,0.17875628802723748,0.0
SARCOX,0.0,-2.498001805406602e-16
SARCOX2,0.0,0.0
SBO3rt2pp,0.0,-0.004523209946349582
SBO3t2pp,0.0,0.0
SCYSDS,0.0,0.0
SCYSSL,0.0,0.0
SDPDS,0.20264767055391703,0.0
SDPTA,-0.20264767055391703,-0.0
SELADT,0.0,0.0
SELCYSS,0.0,0.0
SELGTHR,0.0,0.0
SELGTHR2,0.0,0.0
SELGTHR3,0.0,0.0
SELMETAT,0.0,0.0
SELNPS,0.0,-0.015831234812223538
SELabcpp,0.0,-0.08820259395381713
SELtex,0.0,-0.0
SERAT_copy1,0.0,0.0
SERD_L,0.0,-0.009046419892699123
SERTRS,0.0,0.0
SERTRS2,0.0,0.0
SERt2rpp,0.0,0.0
SERt4pp,0.0,0.0
SERtex,0.0,0.0
SFGTHi,0.0004369180173404573,0.0
SGDS,0.0,0.0
SGSAD,0.0,0.0
SHCHD2,0.00021845900867022866,0.0
SHCHF,0.00021845900867022866,0.0
SHEME2abcpp,0.0,0.0
SHEMEtonex,0.0,0.0
SHK3Dr,0.3976238052473115,0.0
SHKK,0.3976238052473115,0.0
SHSL1,0.0,-0.01583123481222326
SHSL2r,0.0,0.0
SKMt2pp,0.0,0.0
SKMtex,0.0,0.0
SO2tex,0.0,-0.0
SO2tpp,0.0,-0.0
SO3abcpp,0.0,0.0
SO3tex,0.0,-0.0
SO4t2pp,0.18220656887269285,0.0
SO4t4pp_1,0.0,0.0
SO4tex,0.18220656887269285,0.0
SOTA,0.0,0.0
SPMDabcpp,0.0,0.0
SPMDtex,0.0,0.0
SPODM,0.0,0.0
SSALx,0.0,0.0
SSALy,0.0,0.0
SUCCt2_2pp,0.0,0.0
SUCCtex,0.0,0.0
SUCD4,-0.03579984759123245,-0.0
SUCDi,4.890830772118944,0.0
SUCOAS,-3.715706581716086,-1.1102230246251565e-16
SULFACabcpp,0.0,0.0
SULFACtex,0.0,0.0
SULR,0.17875628802723748,0.0
SULabcpp,0.0,-0.006784814919524373
T2DECAI,0.22681139211382673,0.0
T4HCINNMtex,0.0,0.0
T4HCINNMtpp,0.0,0.0
TAGLIPA160ex,0.0,0.0
TAGLIPA180ex,0.0,0.0
TAGLIPA181d9ex,0.0,0.0
TAGLIPA182d9d12,0.0,0.0
TALA,0.2546120153315312,-1.3877787807814457e-17
TAUDO,0.0,-0.009046419892699234
TAURabcpp,0.0,0.0
TAURtex,0.0,-0.0
TCYNTtex,0.0,-0.0
TCYNTtpp,0.0,-0.0
CTECOAI6,0.03579984759123245,0.0
TDP,0.0,-0.009046419892699165
TDPDRE,0.0,0.0
TDPDRR,0.0,0.0
TDPGDH,0.0,0.0
TDSK2,0.008518921701328737,0.0
TDSR1,0.0,-0.015831234812223594
TDSR2,0.0,-0.015831234812223594
TGTASE1,0.0,0.0
TGTASE2,0.0,0.0
TGTASE3,0.0,0.0
THD2pp,0.0,-0.004523209946349582
THDPS,0.20264767055391703,0.0
THFAT,0.0,0.0
THIORDXi,0.0,-0.015831234812223594
THRA2,-0.00021845900867022866,-0.0
THRA,-0.49067558729910654,-0.0
THRS,0.0,0.0
THRTRS,0.0,0.0
THRabcpp,0.0,-0.006784814919524373
THRt2pp,0.0,-0.004523209946349582
THRt4pp,0.0,0.0
THRtex,0.0,-0.0
THYMt4pp,0.0,0.0
THYMtex,0.0,0.0
THZPSN,0.00021845900867022866,-5.551115123125783e-17
TKT1,0.2716498587341887,0.0
TKT2,-0.1430117899157803,1.3877787807814457e-17
TMDS,0.010632977937698036,2.7755575615628914e-17
TMPK,0.00021845900867022866,0.0
TMPPP,0.00021845900867022866,0.0
TNTHAC1,0.0,0.0
TNTHAC2,0.0,0.0
TNTR1,0.0,0.0
TNTR1x,0.0,0.0
TNTR2,0.0,0.0
TNTR2x,0.0,0.0
TNTR3,0.0,0.0
TNTR4,0.0,-0.09046419892699187
TNTep,0.0,0.0
TNTtex,0.0,-0.002261604973174791
TNTtpp,0.0,0.0
TOLt5,0.0,-0.002261604973174791
TOLt6,0.0,-0.002261604973174791
TOLt7,0.0,-0.002261604973174791
TOLtex,0.0,0.0
TOLtpp,0.0,0.0
TPI,-0.1573953073812545,-0.0
NI2abcpp,0.0,-0.009046419892699165
TRDR,0.055144735681864766,0.0
TRPS1_copy1,0.0,0.0
TRPS2,0.0760119793755174,0.0
TRPS3,0.0760119793755174,0.0
TRPTRS,0.0,0.0
TRPt2rpp,0.0,-0.0
TRPtex,0.0,-0.0
TRSARr,0.0,0.0
TRYPTAOX,0.0,-0.42857414241662534
TSULabcpp,0.0,0.0
TSULtex,0.0,-0.0
TTDCAtexi,0.0,0.0
TTDCEAtexi,0.0,0.0
TTRCYCt2pp,0.0,-0.004523209946349582
TTRCYCt5,0.0,0.0
TTRCYCt7pp,0.0,0.0
TTRCYCtex,0.0,-0.0
TTRCYCtpp,0.0,-0.002261604973174791
TUNGSabcpp,0.0,0.0
TUNGStex,0.0,-0.0
TYRTA,-0.13337167388520002,-0.0
TYRTRS,0.0,0.0
TYRt2rpp,0.0,0.0
TYRtex,0.0,-0.0
U23GAAT2_1,0.017037843402657474,0.0
UAAGDS,0.025983886753224862,0.0
UACGAMDH2,0.008518921701328737,0.0
UAG2E,0.0,-0.0
UAGAAT2_1,0.017037843402657474,0.0
UAGCVT,0.025983886753224862,5.551115123125783e-17
UAGDP,0.07752453861043593,0.0
UAGPT3,0.025983886753224862,1.1102230246251565e-16
UAMAGS,0.025983886753224862,0.0
UAMAS,0.025983886753224862,-5.551115123125783e-17
UAPGR,0.025983886753224862,0.0
UDCPDP,0.025983886753224862,0.0
UDCPDPS,5.388002455992136e-05,-5.551115123125783e-17
UDCPDPpp,0.008518921701328737,0.0
UDCPGT_1,0.0,0.0
UDCPPtppi,0.008518921701328737,0.0
UDPG4E,0.008518921701328737,0.0
UGLYCH,0.0,0.0
UGMDDS,0.025983886753224862,-4.163336342344337e-17
UHBZ1t_pp,0.0,0.0
UHGADA2_1,0.017037843402657474,0.0
UKQUIVORx,0.008518921701328737,-6.106226635438361e-16
UKQUIVORy,0.0,-1.3322676295501878e-15
UM3PL,0.0,0.0
UM4PCP,0.0,0.0
UM4PL,0.0,0.0
UMPK,0.3673422518078251,0.0
UNK3,0.0,0.0
UPP3MT,0.0004369180173404573,-1.1102230246251565e-16
UPP3S,0.0008738360346809146,0.0
UPPDC1,0.0004369180173404573,1.1102230246251565e-16
UPPN,0.0005632911658537209,0.0
UPPRT,0.0,-0.009046419892699109
UQUIVOT,0.008518921701328737,0.0
URAt2pp,0.0,0.0
URAtex,0.0,0.0
URCN,0.0,-0.045232099463496434
UREA,0.00021845900867022866,0.0
UREA2t2pp,0.0,-0.004523209946349582
UREAabcpp,0.0,-0.009046419892699165
UREAtex,0.0,0.0
UREAtpp,0.0,0.0
URO_c,0.0,-0.09272580390016728
URIDK2r,-0.010632977937698036,-0.0
URIH,0.0,0.0
URIt2pp,0.0,0.0
URItex,0.0,0.0
USHD1,0.008518921701328737,2.7755575615628914e-17
VACCtex,0.0,0.0
VALDHr,0.0,0.0
VALTA,-0.38111202681172074,-0.0
VALTRS_copy1,0.0,0.0
VALabcpp,0.0,-0.006784814919524373
VALt2rpp,0.0,0.0
VALtex,0.0,0.0
VANKpp,0.0,0.0
VANLNtex,0.0,-0.0
VANLTtex,0.0,-0.0
VCOAD,0.0,0.0
VECOAH,0.0,-0.0
VNDH,0.0,0.0
VNDH_2,0.00021845900867022866,0.0
VNDH_3,0.0,0.0
VNLNpp,0.0,0.0
VNTDM,0.0,0.0
WCOS,0.0,0.0
XAND,0.0,0.0
XANt2pp,0.0,0.0
XANtex,0.0,0.0
XMO,0.0,0.0
XPPT,0.0,-0.009046419892699165
XTSNH,0.0,0.0
ZN2abcpp,0.0,-0.01809283978539833
ZN2t3pp,0.0,-0.011308024865873956
ZN2t4pp,0.0,-0.009046419892699165
ZN2t5,0.0,-0.011308024865873956
ZN2t6,0.0,-0.002261604973174791
ZNabcpp,0.00275963689427818,0.0
Zn2tex,0.00275963689427818,0.0
pentso3abcpp,0.0,0.0
SK_PHAg_c,0.0,0.0
SK_pqqA_kt_c,-0.00021845900867022866,-0.0
MEPCT_1,0.0,-0.0022616049731747356
PRAIi_copy2,0.0760119793755174,0.0
TRPS1_copy2,0.0,0.0
TAURabc,0.0,0.0
AGPOP,0.0,0.0
GLNS_copy2,0.0,0.0
PIabc,0.0,-0.006784814919524373
DHAD1_copy2,0.9976405754778929,0.0
DMALRED,0.0,-0.0067848149195245955
PRMICI_copy2,0.12371735312087223,0.0
PTRCabc,0.0,-0.006784814919524373
PRAMPC_copy2,0.12371735312087223,0.0
DHQTi_copy2,0.3976238052473115,0.0
PRASCSi_copy2,0.4062573444554266,0.0
G5SD_copy2,0.0,5.551115123125783e-17
CTPS1,0.1733888579442591,0.0
HEMEti,0.0,0.0
FOMETRi,0.0,0.0
HDH,0.0,-0.002261604973174902
PSCVT_copy2,0.3976238052473115,0.0
ADD,0.0,0.0
APPAT,0.0005632911658537209,0.0
VALTRS_copy2,0.0,0.0
EAR121x,0.0,-1.1102230246251565e-16
MOBDabc,0.0031965549116186372,0.0
ARGDI,0.0,-0.006784814919524373
THRD_L,0.23957116156642638,0.0
IDPh_1,0.0,-0.006784814919524373
MAN1PT,0.0,-2.7755575615628914e-17
MECDPS_copy2,0.002995729365531658,2.7755575615628914e-17
PPRGL,0.40647580346409684,4.163336342344337e-17
SULabc,0.0,-0.006784814919524373
HMR_0180_copy2,0.0,-0.009046419892699165
GLUCYS_copy2,0.00021845900867022866,0.0
NDP8,0.0,-0.009046419892699165
AKGDb_copy2,0.0,0.0
SERAT_copy2,0.05879584207340707,0.0
13PPDH2_1,0.0,-0.0
2HESR,0.0,0.0
3HPTNCOAR,0.0,0.0
3PEPTabcpp,0.0,0.0
4HPTNCOAK,0.0,0.0
4HPTNCOAL,0.0,0.0
4HPTNtex,0.0,0.0
4HPTNtpp,0.0,0.0
4OXPTCOADHx,0.0,0.0
4OXPTCOADHy,0.0,0.0
4OXPTNtex,0.0,0.0
4OXPTNtpp,0.0,0.0
4PEPTabcpp,0.0,0.0
4POPCOAM,0.0,0.0
4POPCOAM2,0.0,0.0
4POPCOAM3,0.0,0.0
ACMTSOXINtex,0.0,-0.0
ACMTSOXINtpp,0.0,-0.0
ACPHPHITRNtex,0.0,-0.0
ACPHPHITRNtpp,0.0,-0.0
ALDD2y,0.0,-0.009046419892699109
ALDD3y_copy2,0.0,0.0
AMALT1,0.0,5.551115123125783e-17
ARGR,0.0,-0.0
BVMO1,0.0,0.0
BVMO2,0.0,0.0
BVMO3,0.0,0.0
BVMO4,0.0,0.0
BVMO5,0.0,-5.551115123125783e-17
CHLP,0.0,0.0
CURR,0.0,0.0
D2ONEtex,0.0,-0.0
D2ONEtpp,0.0,-0.0
D3ONEtex,0.0,-0.0
D3ONEtpp,0.0,-0.0
D4ONEtex,0.0,-0.0
D4ONEtpp,0.0,-0.0
DHCURR,0.0,0.0
ETHP,0.0,0.0
EX_4hptn_e,0.0,-0.16962037298811022
EX_4oxptn_e,0.0,-0.15378913817588663
EX_acmtsoxin_e,0.0,0.0
EX_acpptrn_e,0.0,0.0
EX_d2one_e,0.0,0.0
EX_d3one_e,0.0,0.0
EX_d4one_e,0.0,0.0
EX_mtsoxin_e,0.0,0.0
EX_n2one_e,0.0,0.0
EX_pptrn_e,0.0,0.0
EX_und2one_e,0.0,0.0
GAPDi_nadp,0.0,-4.163336342344337e-17
GLUTARH,0.0,-0.03166246962444724
KAT33,0.0,2.220446049250313e-16
LEVUACOAL,0.0,0.0
METNA,0.0,-0.0
MTSOXINACT,0.0,-0.06784814919524429
MTSOXINtex,0.0,-0.0
MTSOXINtpp,0.0,-0.0
N2ONEtex,0.0,-0.0
N2ONEtpp,0.0,-0.0
PHER,0.0,-0.0
PPTRNACT,0.0,-0.06784814919524429
PPTRNtex,0.0,-0.0
PPTRNtpp,0.0,-0.0
REPHACCOAT,0.0,0.0
SHGO,0.0,0.0
UND2ONEtex,0.0,-0.0
UND2ONEtpp,0.0,-0.0
4OD2,0.0,0.0
4OT,0.0,-0.0
4OT2,0.0,0.0
4PCP,0.0,2.0816681711721685e-17
4PCPpp,0.0,-0.0022616049731747356
5APTNabcpp,0.0,0.0
5APTNtex,0.0,0.0
5DH4DGLCD,0.0,0.0
5DOAN,0.000655377026010686,0.0
5OXPROabcpp,0.0,0.0
5OXPROtex,0.0,0.0
6ATHAtexi,0.0,0.0
6HNACMO,0.0,0.0
6HNACt1pp,0.0,0.0
6HNACtex,0.0,0.0
A5PISO,0.017037843402657474,0.0
AAC24DABA,0.0,0.0
AACOAT,0.0,-0.009046419892699165
AACTOOR,0.0,0.0
AADSACYCL,0.0,-0.0
AALDCDLsi,0.24776582348358978,0.0
AASAD3,0.0,-0.04975530940984557
AATA,0.0,-0.0
ABTA,0.0,-0.027139259678097605
ABUTD,0.0,0.0
ABUTt2pp,0.0,0.0
ABUTtex,0.0,0.0
ACACT1r,0.0,-0.0
ACACt2pp,0.0,0.0
ACACtex,0.0,0.0
ACALD,-0.4908940463077768,5.551115123125783e-17
ACALDtex,0.0,0.0
ACALDtpp,0.0,0.0
ACBIPGT,0.00021845900867022866,0.0
ACCOAC,1.894855642633763,-2.7755575615628914e-17
ACGAMT,0.0,-1.1102230246251565e-16
ACGK,0.38006675433525827,0.0
ACGS,0.38006675433525827,0.0
ACHBS,0.23957116156642638,0.0
ACLS,0.9976405754778929,0.0
ACOAD10f,0.0,0.0
ACOAD11f,0.0,0.0
ACOAD12f,0.0,0.0
ACOAD13f,0.0,-0.0
ACOAD14f,0.0,0.0
ACOAD15f,0.0,0.0
ACOAD16f,0.0,0.0
ACOAD17f,0.0,0.0
ACOAD18f,0.0,0.0
ACOAD19f,0.0,0.0
ACOAD1f,0.0,-0.0
ACOAD20f,0.0,-0.0
ACOAD21f,0.0,0.0
ACOAD22f,0.0,-0.0
ACOAD23f,0.0,0.0
ACOAD24f,-0.03579984759123245,-0.0
ACOAD25f,0.0,-0.0
ACOAD26f,0.0,0.0
ACOAD27f,0.0,0.0
ACOAD28f,0.0,0.0
ACOAD29f,0.0,-0.0
ACOAD2f,0.0,-0.0
ACOAD30f,0.0,0.0
ACTD2,0.0,5.551115123125783e-17
ACTNtex,0.0,0.0
ACTNtpp,0.0,0.0
ACt2rpp,0.0,0.0
ACt4pp,0.0,0.0
ACt5pp,0.0,-0.002261604973174791
ACtex,0.0,0.0
ADA,0.0,-5.551115123125783e-17
ADCL,0.0008738360346809727,0.0
ADCPS1,0.00021845900867022866,2.220446049250313e-16
ADCPS2,0.0,-2.220446049250313e-16
ADCS,0.0008738360346809727,0.0
ADCYRS,0.00021845900867022866,2.220446049250313e-16
ADEt2rpp,0.0,0.0
ADEtex,0.0,0.0
ADK1,1.8129893536806032,0.0
ADK3,0.0,0.0
ADK4,0.0,-0.0
ADNCYC,0.0,0.0
ADNK1,0.004304524143932668,-2.7755575615628914e-17
ADNUC,0.0,0.0
ADNtex,0.0,-0.0
ADOCBIK,0.00021845900867022866,0.0
ADOCBLS,0.00021845900867022866,0.0
ADOCBLabcpp,0.0,0.0
ADOCBLtonex,0.0,0.0
ADPRDP,0.0,0.0
ADPT,0.000655377026010686,0.0
ADSELK,0.0,0.0
ADSELR,0.0,0.0
ADSELR2,0.0,0.0
ADSK,0.0,0.0
ADSL1r,0.30343466485889203,0.0
ADSL2r,0.4062573444554266,0.0
ADSS,0.30343466485889203,2.7755575615628914e-17
AEPabcpp,0.0,0.0
AEPTA,0.0,-0.0
AEPtex,0.0,-0.0
AGM3PA,0.0,0.0
AGM3PApp,0.0,0.0
AGM3PH,0.0,0.0
AGM3Pt2pp,0.0,0.0
AGM4PA,0.0,0.0
AGM4PApp,0.0,0.0
AGM4PCP,0.0,0.0
AGM4PCPpp,0.0,-0.0022616049731747356
AGM4PH,0.0,0.0
AGM4Pt2pp,0.0,0.0
AGMDA,0.0,0.0
AGMH,0.0,0.0
AGMHE,0.017037843402657474,0.0
AGMT,0.0,0.0
AGMabcpp,0.0,0.0
AGMt2pp,0.0,-0.009046419892699165
AGMtex,0.0,0.0
AGPAT120,0.0,-1.3253005142804348
AGPAT140,0.00041634564432666894,0.0
AGPAT141,0.0,0.0
AGPAT160,0.013119296161935884,0.0
AGPAT161,0.06580122490300713,0.0
AGPAT180,0.004364281989353671,0.0
AGPAT181,0.029704547358290014,0.0
AGPR,-0.38006675433525827,-8.326672684688674e-17
AGt3,0.0,-0.002261604973174791
AGtex,0.0,-0.0
AGtpp,0.0,0.0
AHCi,0.004304524143932668,0.0
AHSERL2,0.1199604459538304,0.0
AICART,0.5299746975762989,5.551115123125783e-17
AIRC2,0.4062573444554266,0.0
AIRC3,-0.4062573444554266,-0.0
AKGDH,0.0,0.0
AKGDa,3.9184502566774007,0.0
AKGDb_copy1,3.9184502566774007,0.0
AKGt2rpp,0.0,0.0
AKGtex,0.0,0.0
ALAALAabcpp,0.004196764094812823,0.0
ALAALAr,0.02178712265841204,0.0
ALAALAtex,0.0,-0.0
ALAGLUabcpp,0.0,0.0
ALAHISabcpp,0.0,0.0
ALAHIStex,0.0,0.0
ALALEUabcpp,0.0,0.0
ALALEUtex,0.0,0.0
ALAR,-0.617310298840696,-0.0
ALATA_L,0.0,0.0
ALATHRabcpp,0.0,0.0
ALATHRtex,0.0,0.0
ALATRPabcpp,0.0,0.0
ALATRPtex,0.0,-0.0
ALATRS,0.008518921701328737,0.0
ALAabcpp,0.0,-0.006784814919524373
ALAt2pp,0.0,0.0
ALAt4pp,0.0,0.0
ALAtex,0.0,-0.0
ALCD19,0.0,0.0
ALCD2x,0.0,0.0
ALCDpp,0.0,-0.0113080248658739
ALDD1,0.0,2.7755575615628914e-17
ALDD19xr,0.0,0.0
ALDD20x,0.0,0.0
ALDD2x,0.0,-0.009046419892699165
ALDD31,0.24776582348358978,2.7755575615628914e-17
ALDD3y_copy1,0.0,0.0
ALDD4,0.0,-5.551115123125783e-17
ALGAC1,0.0,0.0
ALGAC2,0.0,-0.1311730884441391
ALGAC3,0.0,-0.19675963266620844
ALGAC4,0.0,-0.2623461768882782
ALGAC5,0.0,-0.327932721110348
ALGE1,0.0,-0.0
ALGE2,0.0,-0.0
ALGE3,0.0,-0.0
ALGE4,0.0,-0.0
ALGE5,0.0,-0.0
ALGE6,0.0,0.0
ALGE7,0.0,-0.0
ALGE8,0.0,-0.0
ASPTA,-2.1416888518740476,-0.0
ASPTRS,0.0,6.938893903907228e-18
ASPabcpp,0.0,-0.006784814919524373
ASPt2pp,0.0,0.0
ASPtex,0.0,0.0
ASR,0.0,-0.020354444758573176
AST,0.0,0.0
ATHRDHr,0.00021845900867022866,0.0
ATPHs,0.0,-0.01809283978539833
ATPM,0.92,-0.009046419892699165
ATPPRT,0.12371735312087223,5.551115123125783e-17
ATPS4rpp,52.288747581272126,0.0
BACCL,0.00021845900867022866,0.0
BALAALAabcpp,0.0,0.0
BALAALAtex,0.0,0.0
BALABALAabcpp,0.0,0.0
BALABALAtex,0.0,0.0
BALAGLYabcpp,0.0,0.0
BALAGLYtex,0.0,0.0
BALALEUabcpp,0.0,0.0
BALALEUtex,0.0,-0.0
BALAMDAH,0.0,0.0
BALAt2pp,0.0,0.0
BALAtex,0.0,0.0
BDH,0.0,2.7755575615628914e-17
BETALDHx,0.0,0.0
BETALDHy,0.0,0.0
BGLApp,0.0,-0.03392407459762281
BHBtpp,0.0,-0.002261604973174791
BILIVERDtex,0.0,-0.0
BILIVERDtpp,0.0,-0.0
BLAMDabcpp,0.0,0.0
BLAMDtex,0.0,0.0
BLUB,0.00021845900867022866,1.3877787807814457e-17
BMOCOS,0.00021845900867022866,0.0
BMOGDS1,0.00021845900867022866,0.0
BMOGDS2,0.00021845900867022866,0.0
BPNT,0.0,0.0
BTDD_RR,0.0,0.0
BTDDtex,0.0,0.0
BTDDtpp,0.0,0.0
BTNt2ipp,0.0,0.0
BTNtex,0.0,-0.0
BTS5,0.00021845900867022866,0.0
BUP,0.0,0.0
BUTSO3abcpp,0.0,0.0
BUTSO3tex,0.0,-0.0
BWCOGDS1,0.0,0.0
BWCOGDS2,0.0,0.0
BWCOS,0.0,0.0
BZ12DOX,0.0,0.0
BZALDH,0.0,0.0
DGUDBUTNtex,0.0,0.0
CHOLt4ipp,0.0,0.0
CHORM,0.3205195308284428,0.0
CHORS,0.3976238052473115,0.0
CHORt2rpp,0.0,0.0
CHORtex,0.0,0.0
CHRPL,0.0,0.0
CINNMCOAH,0.0,0.0
CINNMtex,0.0,-0.0
CINNMtpp,0.0,0.0
CITt4pp_1,0.0,0.0
CITt_kt,0.0,0.0
CITtex,0.0,-0.0
CLPNH120pp,0.0,0.0
CLPNH140pp,0.0,0.0
CLPNH141pp,0.0,0.0
CLPNH160pp,0.0,-0.01583123481222337
CLPNH161pp,0.0,-0.01583123481222337
CLPNH180pp,0.0,-0.015831234812224038
CLPNH181pp,0.0,-0.015831234812222705
CLPNS120pp,0.0,-0.0
CLPNS140pp,1.7633462583247154e-05,0.0
CLPNS141pp,0.0,-0.0
CLPNS160pp,0.0005662300762842697,0.0
CLPNS161pp,0.0028144965556482823,0.0
CLPNS180pp,0.00018809026755463632,2.220446049250313e-16
CLPNS181pp,0.0012823445845261403,-2.220446049250313e-16
CLt3_2pp,0.0020699725799111796,0.0
CLtex,0.004139945159822359,0.0
CMCBTFR1,0.0,1.1102230246251565e-16
CMCBTFR2,0.0,-0.006784814919524429
CMCBTFabcpp,0.0,-0.003392407459762159
CMCBTFexs,0.0,0.0
CMCBTFtex,0.0,0.0
CMCBTFtonex,0.0,0.0
CMCBTFtpp,0.0,0.0
CYTOM,0.0,-0.0
CMt2ex,0.0,-0.002261604973174791
CMt2ppi,0.0,0.0
CMtex,0.0,-0.0
CMtexabc,0.0,-0.009046419892699165
CMtpp,0.0,-0.002261604973174791
CO2tex,-20.54929778388546,-0.0
CO2tpp,-20.54929778388546,-0.0
COALCDH,0.0,0.0
COALDDH,0.0,0.0
COBALT2t3pp,0.0,-0.002261604973174791
COBALT2tex,0.002978095902948409,0.0
COBALT2tpp,0.002978095902948409,0.0
COBALTt4pp,0.0,0.0
R05217_nad,0.00021845900867022866,0.0
COCHL,0.00021845900867022866,0.0
COCOAHA,0.0,0.0
COLIPAabcpp_kt,0.008518921701328737,0.0
CONFRLtex,0.0,-0.0
CONFRLtpp,0.0,0.0
COt_1,0.0,-0.0
Cotpp,0.0,-0.0
CPH4S,0.0,0.0
CPMPS,0.000655377026010686,0.0
CPPPGO,0.0004369180173404573,0.0
DAAD11,0.0,0.0
DAAD12,0.0,-1.3877787807814457e-17
DAAD2,0.0,-0.00678481491952454
DAAD3,0.0,0.0
DAAD4,0.0,-0.00678481491952454
DAAD5,0.0,0.0
PHET,0.0,-0.00678481491952454
DAAD7,0.0,-2.7755575615628914e-17
DAAD8,0.0,0.0
DABAAT2,-0.00021845900867022866,-0.0
DADA,0.0,0.0
DADK,0.0,-0.0
DAGK120,0.0,-0.009046419892699165
DAGK140,0.0,-0.009046419892699165
DAGK141,0.0,-0.009046419892699165
DAGK160,0.0,-0.009046419892699165
DAGK161,0.0,-4.440892098500626e-16
DAGK180,0.0,-0.009046419892699165
DAGK181,0.008518921701328737,0.0
DAGLIPA160ex,0.0,0.0
DAGLIPA180ex,0.0,0.0
DAGLIPA181d9ex,0.0,0.0
DAGLIPA182d9d12ex,0.0,0.0
DALAALAD,0.0,0.0
DALADALAD,0.0,0.0
DALAGLYD,0.0,0.0
DALALEUD,0.0,0.0
DALAabcpp,0.0,-0.006784814919524373
DALAt2pp,0.02178712265841204,0.0
DALAtex,0.0,0.0
DAPAT,0.0,0.0
DAPDC,0.17666378380069217,0.0
DAPE,0.20264767055391703,0.0
DAPabcpp,0.0,0.0
DAPtex,0.0,-0.0
DARGabcpp,0.0,0.0
DARGtex,0.0,0.0
DASNabcpp,0.0,0.0
DASNtex,0.0,0.0
DASYN120,0.0,0.0
DASYN140,0.00041634564432666894,-1.1102230246251565e-16
DASYN141,0.0,0.0
DASYN160,0.013119296161935884,0.0
DASYN161,0.06580122490300713,-2.220446049250313e-16
DASYN180,0.004364281989353671,0.0
DASYN181,0.03822346905961875,0.0
DATPHs,0.0,0.0
DB4PS,0.001310754052021372,0.0
DBTS,0.00021845900867022866,0.0
DCAtex,0.0,0.0
DCTPD,0.0,-0.009046419892699165
DCTPD2,0.0,-0.009046419892699165
DDCAtexi,0.0,0.0
DDGLK,0.0,0.0
DDPA,0.3976238052473115,-1.3877787807814457e-17
DESATPE160,0.0,-0.049755309409845516
DESATPG160,0.0,-0.049755309409845516
DGBUTNH,0.0,0.0
DGK1,0.0,0.0
DM_C70aPHA_c,0.0,-0.2691309918078015
DM_C70pPHA_c,0.0,-0.16962037298811
DM_C80aPHA_c,0.0,-0.359595190734794
DM_C80pPHA_c,0.0,-0.5337387736692536
DM_C90aPHA_c,0.0,-0.35959519073479357
DM_C90pPHA_c,0.0,-0.2691309918078013
DM_acmum6p_c,0.0,0.0
DM_ppi50_c,0.0,-0.4455361797154314
DM_acgam_c,0.0,0.0
DM_doxopa_c,0.00021845900867022866,0.0
DM_tripeptide_c,0.00021845900867022866,0.0
DNMPPA,0.0010922950433512014,0.0
DNTAep,0.0,0.0
DNTPPA,0.0010922950433512014,2.7755575615628914e-17
DOPAtex,0.0,-0.0
DOPAtpp,0.0,-0.0
DOPDH,0.0,0.0
DORNabcpp,0.0,0.0
DORNtex,0.0,0.0
DPCOAK,0.0005632911658537209,0.0
DPHEt2rpp,0.0,-0.0
DPHEtex,0.0,-0.0
DPR,0.0005632911658537209,0.0
DPROabcpp,0.0,0.0
DPROtex,0.0,0.0
DSBAO1,0.0,0.0
DSBCGT,0.0,0.0
DSBDR,0.0,0.0
DSBGGT,0.0,0.0
DSERt2pp,0.0,0.0
DSERtex,0.0,0.0
DTMPK,0.010632977937698036,0.0
DTYRt2rpp,0.0,0.0
DTYRtex,0.0,0.0
DURAD,-0.0005632911658537209,-0.0
DURAD2,0.0,-0.0
DUTPDP,0.0,-0.009046419892699165
DVALabcpp,0.0,0.0
DVALtex,0.0,0.0
DXPRIi,0.002995729365531658,0.0
DXPS,0.0034326473828721147,0.0
D_LACt2pp,0.0,-0.0
D_LACtex,0.0,-0.0
E4PD,0.00021845900867022866,0.0
EAR100y,0.03407568680531503,-1.1102230246251565e-16
EAR120y,0.017037843402657474,0.0
EAR121y,0.22681139211382673,-1.1102230246251565e-16
EAR140y,0.03579984759123245,1.1102230246251565e-16
EAR141y,0.19101154452259428,0.0
EAR160y,0.034967156302579114,0.0
EAR161y,0.19101154452259428,0.0
EAR180y,0.008728563978707343,-1.1102230246251565e-16
EAR181y,0.05940909471658003,-1.1102230246251565e-16
EAR40y,0.27814338133046945,0.0
EAR60y,0.27814338133046945,-1.1102230246251565e-16
EAR80y,0.27814338133046945,0.0
HBCE,0.0,0.0
ECOAH1,0.0,0.0
ECOAH12,0.0,0.0
ECOAH14,0.0,-0.0
ECOAH15,0.0,0.0
ECOAH16,0.0,-0.0
ECOAH17,0.0,-0.0
ECOAH18,0.0,-0.0
ECOAH19,0.0,-0.0
ECOAH2,0.0,-0.0
EX_3oxoadp_e,0.0,-0.1831900028271592
EX_4abut_e,0.0,-0.17414358293445953
EX_4hbz_e,0.0,-0.2725233992675637
EX_4hpro_DC_e,0.0,-0.15378913817588635
EX_4hpro_LT_e,0.0,-0.15378913817588635
EX_5aptn_e,0.0,-0.1718819779612848
EX_5mcsn_e,0.0,-0.18545160780033326
EX_5oxpro_e,0.0,-0.14248111331001234
EX_6atha_e,0.0,-0.09046419892699187
EX_6hnac_e,0.0,-0.20580605255890702
EX_met__D_e,0.0,-0.2668693868346259
EX_LalaLglu_e,0.0,-0.2510381520224028
EX_Ncbmpts_e,0.0,-0.20354444758573176
EX_R3hdec4e_e,0.0,-0.4523209946349609
EX_R_3h4atba_e,0.0,-0.0022616049731747356
EX_R_3h6atha_e,0.0,-0.08367938400746766
EX_R_3hcmrs7e_e,0.0,-0.6649118621133923
EX_R_3hdcaa_e,0.0,-0.4681522294471845
EX_R_3hdd5ea_e,0.0,-0.5586164283741768
EX_R_3hdd6e_e,0.0,-0.542785193561953
EX_R_3hdda_e,0.0,-0.5834940830790993
EX_R_3hhdca_e,0.0,-0.7644224809330833
EX_R_3hhpa_e,0.0,-0.27139259678097627
EX_R_3hhxa_e,0.0,-0.2555613619687529
EX_R_3hnonaa_e,0.0,-0.36185679570796836
EX_R_3hocta_e,0.0,-0.3618567957079688
EX_R_3hpba_e,0.0,-0.3460255608957452
EX_R_3hpdeca_e,0.0,-0.6174181576767213
EX_R_3hphpa_e,0.0,-0.1718819779612848
EX_R_3hphxa_e,0.0,-0.4364897598227373
EX_R_3hpnona_e,0.0,-0.2623461768882769
EX_R_3hpocta_e,0.0,-0.5360003786424283
EX_R_3hppta_e,0.0,-0.08141777903429293
EX_R_3hpt_e,0.0,-0.18997481774668334
EX_R_3htd58e_e,0.0,-0.6242029725962461
EX_R_3htd5e_e,0.0,-0.6558654422206933
EX_R_3httdca_e,0.0,-0.6739582820060912
EX_T4hcinnm_e,0.0,-0.34715636338233224
EX_ac_e,0.0,-0.05654012432937039
EX_acac_e,0.0,-0.131173088444139
EX_acald_e,0.0,-0.08141777903429304
EX_acon_C_e,0.0,-0.16057395309541073
EX_acser_e,0.0,-0.1583123481222365
EX_actn__R_e,0.0,-0.16057395309541128
EX_ade_e,0.0,-0.17414358293445967
EX_adn_e,0.0,0.0
EX_adocbl_e,0.0,-3.3810994348963237
EX_ag_e,0.0,0.0
EX_agm_e,0.0,-0.20128284261255697
EX_akg_e,0.0,-0.1424811133100124
EX_ala_B_e,0.0,-0.13117308844413839
EX_ala__D_e,0.0,-0.0972490138465165
EX_ala__L_e,0.0,-0.0972490138465165
EX_alaala_e,0.0,-0.1990212376393826
EX_alahis_e,0.0,-0.3143630912712976
EX_alaleu_e,0.0,-0.336979141003046
EX_alathr_e,0.0,-0.23294531223700482
EX_alatrp_e,0.0,-0.5326079711826662
EX_algac_MG_14_e,0.0,0.0
EX_algac_MG_23_e,0.0,0.0
EX_algac_MG_32_e,0.0,0.0
EX_algac_MG_41_e,0.0,0.0
EX_algac__M_e,0.0,0.0
EX_alltn_e,0.0,-0.04749370443667063
EX_apc_e,0.0,0.0
EX_arbtn_e,0.0,0.0
EX_arbtn_fe3_e,0.0,0.0
EX_arg__D_e,0.0,-0.2216372873711301
EX_arg__L_e,0.0,-0.22842210229065446
EX_asn__D_e,0.0,-0.11986506357826443
EX_asn__L_e,0.0,-0.10855703871239046
EX_aso3_e,0.0,0.0
EX_aso4_e,0.0,0.0
EX_asp__L_e,0.0,-0.10855703871239046
EX_balaala_e,0.0,-0.18997481774668343
EX_balabala_e,0.0,-0.18997481774668343
EX_balagly_e,0.0,-0.15152753320271178
EX_balaleu_e,0.0,-0.336979141003046
EX_balamd_e,0.0,-0.12438827352461401
EX_bhb_e,0.0,-0.14926592822953727
EX_biliverd_e,0.0,0.0
3HAD161,0.19101154452259428,0.0
3HAD180,0.008728563978707343,0.0
3HAD181,0.05940909471658003,0.0
3HAD40,0.27814338133046945,0.0
3HAD60,0.27814338133046945,0.0
3HAD80,0.27814338133046945,0.0
HBCHLR,0.0,-0.0
3HBCOAHL,0.0,0.0
3HLYTCL,0.0,0.0
3MBZALDH,0.0,0.0
3MBZDH,0.0,0.0
3MBt2pp,0.0,0.0
3MBtex,0.0,-0.0
3MCAT23DOX,0.0,0.0
3OADPCOAT,0.0,0.0
3OAR100,0.2779249223217992,-5.551115123125783e-17
3OAR120,0.03407568680531503,0.0
3OAR121,0.22681139211382673,0.0
3OAR140,0.0,-0.0
3OAR141,0.22681139211382673,0.0
3OAR160,0.034967156302579114,-1.1102230246251565e-16
3OAR161,0.19101154452259428,-2.220446049250313e-16
3OAR180,0.008728563978707343,0.0
3OAR181,0.05940909471658003,0.0
3OAR40,0.27814338133046945,0.0
3OAR60,0.27814338133046945,0.0
3OAR80,0.27814338133046945,0.0
3OAS100,0.2779249223217992,0.0
3OAS120,0.03407568680531503,0.0
3OAS121,0.22681139211382673,0.0
3OAS140,0.0,-0.006784814919524873
3OAS141,0.22681139211382673,0.0
3OAS160,0.034967156302579114,0.0
3OAS161,0.19101154452259428,0.0
3OAS180,0.008728563978707343,0.0
3OAS181,0.05940909471658003,0.0
3OAS60,0.27814338133046945,0.0
3OAS80,0.27814338133046945,0.0
3OXCOAT,0.0,0.0
3OXOADPt_ex,0.0,0.0
3OXOADPt_pp,0.0,0.0
3PQQS,0.00021845900867022866,0.0
3_4DHBZ1t_pp,0.0,0.0
3_4DHBZt2,0.0,0.0
4ABUTabcpp,0.0,-0.006784814919524373
4CMCOAS,0.0,0.0
4CMLCL_kt,0.0,0.0
4HBADH,0.00021845900867022866,0.0
4HBHYOX,0.0,-0.10742623622580288
4HBZtex,0.0,-0.0
4HDPROO,0.0,0.0
4HPRODCabcpp,0.0,0.0
4HPRODCtex,0.0,0.0
4HPROE,0.0,0.0
4HPROLTabcpp,0.0,0.0
4HPROLTtex,0.0,0.0
4HTHRS,0.0,-0.13456549590390074
4MBZALDH,0.0,0.0
4MBZDH,0.0,0.0
4MCAT23DOX,0.0,0.0
4OD,0.0,0.0
